モンスターID,装備ID,称号ID
m_1,s_1,sy_1
m_2,s_2,sy_2
m_3,s_3,sy_3
m_4,s_4,sy_4
m_5,s_5,sy_5
m_6,s_6,sy_6
m_7,s_7,sy_7
m_8,s_8,sy_8
m_9,s_9,sy_9
m_10,s_10,sy_10
m_11,s_11,sy_11
m_12,s_12,sy_12
m_13,s_13,sy_13
m_14,s_14,sy_14
m_15,s_15,sy_15
m_16,s_16,sy_16
m_17,s_17,sy_17
m_18,s_18,sy_18
m_19,s_19,sy_19
m_20,s_20,sy_20
m_21,s_21,sy_21
m_22,s_22,sy_22
m_23,s_23,sy_23
m_24,s_24,sy_24
m_25,s_25,sy_25
m_26,s_26,sy_26
m_27,s_27,sy_27
m_28,s_28,sy_28
m_29,s_29,sy_29
m_30,s_30,sy_30
m_31,s_31,sy_31
m_32,s_32,sy_32
m_33,s_33,sy_33
m_34,s_34,sy_34
m_35,s_35,sy_35
m_36,s_36,sy_36
m_37,s_37,sy_37
m_38,s_38,sy_38
m_39,s_39,sy_39
m_40,s_40,sy_40
m_41,s_41,sy_41
m_42,s_42,sy_42
m_43,s_43,sy_43
m_44,s_44,sy_44
m_45,s_45,sy_45
m_46,s_46,sy_46
m_47,s_47,sy_47
m_48,s_48,sy_48
m_49,s_49,sy_49
m_50,s_50,sy_50
m_51,s_51,sy_51
m_52,s_52,sy_52
m_53,s_53,sy_53
m_54,s_54,sy_54
m_55,s_55,sy_55
m_56,s_56,sy_56
m_57,s_57,sy_57
m_58,s_58,sy_58
m_59,s_59,sy_59
m_60,s_60,sy_60
m_61,s_61,sy_61
m_62,s_62,sy_62
m_63,s_63,sy_63
m_64,s_64,sy_64
m_65,s_65,sy_65
m_66,s_66,sy_66
m_67,s_67,sy_67
m_68,s_68,sy_68
m_69,s_69,sy_69
m_70,s_70,sy_70
m_71,s_71,sy_71
m_72,s_72,sy_72
m_73,s_73,sy_73
m_74,s_74,sy_74
m_75,s_75,sy_75
m_76,s_76,sy_76
m_77,s_77,sy_77
m_78,s_78,sy_78
m_79,s_79,sy_79
m_80,s_80,sy_80
m_81,s_81,sy_81
m_82,s_82,sy_82
m_83,s_83,sy_83
m_84,s_84,sy_84
m_85,s_85,sy_85
m_86,s_86,sy_86
m_87,s_87,sy_87
m_88,s_88,sy_88
m_89,s_89,sy_89
m_90,s_90,sy_90
m_91,s_91,sy_91
m_92,s_92,sy_92
m_93,s_93,sy_93
m_94,s_94,sy_94
m_95,s_95,sy_95
m_96,s_96,sy_96
m_97,s_97,sy_97
m_98,s_98,sy_98
m_99,s_99,sy_99
m_100,s_100,sy_100
m_101,s_101,sy_101
m_102,s_102,sy_102
m_103,s_103,sy_103
m_104,s_104,sy_104
m_105,s_105,sy_105
m_106,s_106,sy_106
m_107,s_107,sy_107
m_108,s_108,sy_108
m_109,s_109,sy_109
m_110,s_110,sy_110
m_111,s_111,sy_111
m_112,s_112,sy_112
m_113,s_113,sy_113
m_114,s_114,sy_114
m_115,s_115,sy_115
m_116,s_116,sy_116
m_117,s_117,sy_117
m_118,s_118,sy_118
m_119,s_119,sy_119
m_120,s_120,sy_120
m_121,s_121,sy_121
m_122,s_122,sy_122
m_123,s_123,sy_123
m_124,s_124,sy_124
m_125,s_125,sy_125
m_126,s_126,sy_126
m_127,s_127,sy_127
m_128,s_128,sy_128
m_129,s_129,sy_129
m_130,s_130,sy_130
m_131,s_131,sy_131
m_132,s_132,sy_132
m_133,s_133,sy_133
m_134,s_134,sy_134
m_135,s_135,sy_135
m_136,s_136,sy_136
m_137,s_137,sy_137
m_138,s_138,sy_138
m_139,s_139,sy_139
m_140,s_140,sy_140
m_141,s_141,sy_141
m_142,s_142,sy_142
m_143,s_143,sy_143
m_144,s_144,sy_144
m_145,s_145,sy_145
m_146,s_146,sy_146
m_147,s_147,sy_147
m_148,s_148,sy_148
m_149,s_149,sy_149
m_150,s_150,sy_150
m_151,s_151,sy_151
m_152,s_152,sy_152
m_153,s_153,sy_153
m_154,s_154,sy_154
m_155,s_155,sy_155
m_156,s_156,sy_156
m_157,s_157,sy_157
m_158,s_158,sy_158
m_159,s_159,sy_159
m_160,s_160,sy_160
m_161,s_161,sy_161
m_162,s_162,sy_162
m_163,s_163,sy_163
m_164,s_164,sy_164
m_165,s_165,sy_165
m_166,s_166,sy_166
m_167,s_167,sy_167
m_168,s_168,sy_168
m_169,s_169,sy_169
m_170,s_170,sy_170
m_171,s_171,sy_171
m_172,s_172,sy_172
m_173,s_173,sy_173
m_174,s_174,sy_174
m_175,s_175,sy_175
m_176,s_176,sy_176
m_177,s_177,sy_177
m_178,s_178,sy_178
m_179,s_179,sy_179
m_180,s_180,sy_180
m_181,s_181,sy_181
m_182,s_182,sy_182
m_183,s_183,sy_183
m_184,s_184,sy_184
m_185,s_185,sy_185
m_186,s_186,sy_186
m_187,s_187,sy_187
m_188,s_188,sy_188
m_189,s_189,sy_189
m_190,s_190,sy_190
m_191,s_191,sy_191
m_192,s_192,sy_192
m_193,s_193,sy_193
m_194,s_194,sy_194
m_195,s_195,sy_195
m_196,s_196,sy_196
m_197,s_197,sy_197
m_198,s_198,sy_198
m_199,s_199,sy_199
m_200,s_200,sy_200
m_201,s_201,sy_201
m_202,s_202,sy_202
m_203,s_203,sy_203
m_204,s_204,sy_204
m_205,s_205,sy_205
m_206,s_206,sy_206
m_207,s_207,sy_207
m_208,s_208,sy_208
m_209,s_209,sy_209
m_210,s_210,sy_210
m_211,s_211,sy_211
m_212,s_212,sy_212
m_213,s_213,sy_213
m_214,s_214,sy_214
m_215,s_215,sy_215
m_216,s_216,sy_216
m_217,s_217,sy_217
m_218,s_218,sy_218
m_219,s_219,sy_219
m_220,s_220,sy_220
m_221,s_221,sy_221
m_222,s_222,sy_222
m_223,s_223,sy_223
m_224,s_224,sy_224
m_225,s_225,sy_225
m_226,s_226,sy_226
m_227,s_227,sy_227
m_228,s_228,sy_228
m_229,s_229,sy_229
m_230,s_230,sy_230
m_231,s_231,sy_231
m_232,s_232,sy_232
m_233,s_233,sy_233
m_234,s_234,sy_234
m_235,s_235,sy_235
m_236,s_236,sy_236
m_237,s_237,sy_237
m_238,s_238,sy_238
m_239,s_239,sy_239
m_240,s_240,sy_240
m_241,s_241,sy_241
m_242,s_242,sy_242
m_243,s_243,sy_243
m_244,s_244,sy_244
m_245,s_245,sy_245
m_246,s_246,sy_246
m_247,s_247,sy_247
m_248,s_248,sy_248
m_249,s_249,sy_249
m_250,s_250,sy_250
m_251,s_251,sy_251
m_252,s_252,sy_252
m_253,s_253,sy_253
m_254,s_254,sy_254
m_255,s_255,sy_255
m_256,s_256,sy_256
m_257,s_257,sy_257
m_258,s_258,sy_258
m_259,s_259,sy_259
m_260,s_260,sy_260
m_261,s_261,sy_261
m_262,s_262,sy_262
m_263,s_263,sy_263
m_264,s_264,sy_264
m_265,s_265,sy_265
m_266,s_266,sy_266
m_267,s_267,sy_267
m_268,s_268,sy_268
m_269,s_269,sy_269
m_270,s_270,sy_270
m_271,s_271,sy_271
m_272,s_272,sy_272
m_273,s_273,sy_273
m_274,s_274,sy_274
m_275,s_275,sy_275
m_276,s_276,sy_276
m_277,s_277,sy_277
m_278,s_278,sy_278
m_279,s_279,sy_279
m_280,s_280,sy_280
m_281,s_281,sy_281
m_282,s_282,sy_282
m_283,s_283,sy_283
m_284,s_284,sy_284
m_285,s_285,sy_285
m_286,s_286,sy_286
m_287,s_287,sy_287
m_288,s_288,sy_288
m_289,s_289,sy_289
m_290,s_290,sy_290
m_291,s_291,sy_291
m_292,s_292,sy_292
m_293,s_293,sy_293
m_294,s_294,sy_294
m_295,s_295,sy_295
m_296,s_296,sy_296
m_297,s_297,sy_297
m_298,s_298,sy_298
m_299,s_299,sy_299
m_300,s_300,sy_300
m_301,s_301,sy_301
m_302,s_302,sy_302
