名前,ID,ネームキー,レアリティ,攻撃力加算,攻撃力倍率,同時発射数,クリティカル率,クリティカル倍率,*2メダル出現率,*5メダル出現率,*10メダル出現率,総メダル数加算,総メダル数倍率,メダル消費無し確率,回収Wave時メダル価値,回収Wave延長秒,ゴールドドロップ量倍率,装備ドロップ率倍率,称号ドロップ率倍率,,,
静水の微笑み,sy_1,sy_1_name,1,,,,,,,,,8,,,,,0.010,0.010,0.010,1,,
灼熱のご機嫌,sy_2,sy_2_name,2,5 ,0.02,,0.001,0.003,0.001,0.001,0.000,-4,,,,,,,,1,,
芽吹く生命の笑顔,sy_3,sy_3_name,3,-2 ,,,,,,,,11,0.028,0,,1,,,,1,,
紅蓮に吼える突進獣,sy_4,sy_4_name,4,6 ,0.03,,0.002,0.004,0.002,0.001,0.000,-1,,,,,,,,1,,
蒼氷を纏う沈黙の獣,sy_5,sy_5_name,5,,,,0.002,,,,,,,,,,0.018,0.018,0.018,1,,
重なりし彩層の主,sy_6,sy_6_name,6,5 ,,,,,,,,19,0.048,0,,1,,0.024,0.024,1,,
緑影の小狩人,sy_7,sy_7_name,1,,0.04,,,,,,,,,,,,0.020,0.020,0.020,2,,
鉄刃の蛮戦士,sy_8,sy_8_name,2,10 ,0.05,,0.002,0.006,0.002,0.001,0.000,-7,,,,,,,,2,,
呪紋の邪術士,sy_9,sy_9_name,3,,,,,,,,,,0.056,,,,0.028,0.028,0.028,2,,
肥大せし凶腕,sy_10,sy_10_name,4,13 ,0.06,,0.003,0.008,0.003,0.002,0.000,-1,,,,,,,,2,,
錬成されし粘塊,sy_11,sy_11_name,5,3 ,,,,,,,,29,0.072,0.001,,1,,,0.036,2,,
王冠を戴く略奪王,sy_12,sy_12_name,6,,0.10,,,,,,,,,,,,0.048,0.048,0.048,2,,
朽塔を這う影,sy_13,sy_13_name,1,,,,0.003,,,,,,,,,,0.030,0.030,0.030,3,,
雷光を纏う粘獣,sy_14,sy_14_name,2,-10 ,,,,,,,,29,0.072,0.001,,1,,,,3,,
薄闇の彷徨い,sy_15,sy_15_name,3,,,,,0.011,,,,,,,,,0.042,0.042,0.042,3,,
嘆きの残響,sy_16,sy_16_name,4,,,,,,,,,,,,,1,0.048,0.048,0.048,3,,
屍竜の咆哮,sy_17,sy_17_name,5,22 ,0.11,,0.005,0.014,0.005,0.003,0.000,4,,,,,0.054,,,3,,
終焉を告げる呪詛,sy_18,sy_18_name,6,,,,,,,0.004,,,,,,,0.072,0.072,0.072,3,,
洞穴の俊牙,sy_19,sy_19_name,1,16 ,0.08,,0.004,0.010,0.004,0.002,0.000,-16,,,,,,,,4,,
月影の疾走,sy_20,sy_20_name,2,,,,0.005,,,,,,,,,,0.048,0.048,0.048,4,,
紅牙の狩人,sy_21,sy_21_name,3,,,,,0.014,,,,,,,,,0.056,0.056,0.056,4,,
満月に狂う獣,sy_22,sy_22_name,4,-3 ,,,,,,,,51,0.128,0.001,,1,,,,4,,
氷嵐の魔狼,sy_23,sy_23_name,5,,0.14,,,,,,,,,,,,0.072,0.072,0.072,4,,
傷痕を刻む獣王,sy_24,sy_24_name,6,38 ,0.19,,0.01,0.024,0.01,0.005,0.000,19,,,,,0.096,,0.096,4,,
恐怖を狩る影,sy_25,sy_25_name,1,,,,,,,,,,,0.001,,,0.050,0.050,0.050,5,,
腐蝕の粘液,sy_26,sy_26_name,2,24 ,0.12,,0.006,0.015,0.006,0.003,0.000,-17,,,,,,,,5,,
漂う亡騎士,sy_27,sy_27_name,3,,,,,,,,,56,,,,,0.07,0.07,0.07,5,,
墓守の鉄騎,sy_28,sy_28_name,4,-3 ,,,,,,,,64,0.16,0.002,,2,,,,5,,
冥火の小鬼灯,sy_29,sy_29_name,5,,,,,,,0.005,,,,,,,0.09,0.09,0.09,5,,
骨界の終焉獣,sy_30,sy_30_name,6,48 ,0.24,,0.012,0.03,0.012,0.006,0.001,24,,,,,0.12,,0.12,5,,
白骨の兵卒,sy_31,sy_31_name,1,,,,,,,,,,0.120,,,,0.060,0.060,0.060,6,,
砂海の捕食者,sy_32,sy_32_name,2,-20 ,,,,,,,,58,0.144,0.001,,1,,,,6,,
黒砂の深淵,sy_33,sy_33_name,3,34 ,0.17,,0.008,0.021,0.008,0.004,0.000,-14,,,,,,,,6,,
暗牙の伏兵,sy_34,sy_34_name,4,,,,,,,,,,,0.002,,,0.096,0.096,0.096,6,,
封印されし巨殻,sy_35,sy_35_name,5,9 ,,,,,,,,86,0.216,0.002,,2,,0.108,,6,,
溶岩奔流の獄獣,sy_36,sy_36_name,6,58 ,0.29,,0.014,0.036,0.014,0.007,0.001,29,,,,,0.144,0.144,,6,,
秘奥を識る者,sy_37,sy_37_name,1,,,,0.007,,,,,,,,,,0.070,0.070,0.070,7,,
黒森の妖婦,sy_38,sy_38_name,2,-23 ,,,,,,,,67,0.168,0.002,,1,,,,7,,
双星の魔姉妹,sy_39,sy_39_name,3,,,,,,,,0.001,,,,,,0.098,0.098,0.098,7,,
蒼天の魔導王,sy_40,sy_40_name,4,,0.22,,,,,,,,,,,,0.112,0.112,0.112,7,,
大賢者の系譜,sy_41,sy_41_name,5,50 ,0.25,,0.013,0.032,0.013,0.006,0.001,10,,,,,,,0.126,7,,
魔術学院の首席,sy_42,sy_42_name,6,67 ,,,,,,,,,,,,,0.168,0.168,0.168,7,,
岩鋼の騎士,sy_43,sy_43_name,1,-32 ,,,,,,,,64,0.160,0.002,,1,,,,8,,
灼熱の巨神,sy_44,sy_44_name,2,38 ,0.19,,0.01,0.024,0.01,0.005,0.000,-27,,,,,,,,8,,
蒼焔の魔躯,sy_45,sy_45_name,3,,,,,,,,,90,,,,,0.112,0.112,0.112,8,,
呪土の偶像,sy_46,sy_46_name,4,-5 ,,,,,,,,102,0.256,0.003,,2,,,,8,,
蒼重力の支配者,sy_47,sy_47_name,5,58 ,0.29,,0.014,0.036,0.014,0.007,0.001,12,,,,,0.144,,,8,,
裂岩の猛将,sy_48,sy_48_name,6,77 ,0.38,,0.019,0.048,0.019,0.01,0.001,39,,,,,,0.192,0.192,8,,
守護岩壁,sy_49,sy_49_name,1,-36 ,,,,,,,,72,0.180,0.002,,2,,,,9,,
銀鉄の巨兵,sy_50,sy_50_name,2,-30 ,,,,,,,,86,0.216,0.002,,2,,,,9,,
黄金機神,sy_51,sy_51_name,3,50 ,0.25,,0.013,0.032,0.013,0.006,0.001,-20,,,,,,,,9,,
銀光の希少種,sy_52,sy_52_name,4,,,,,,,,,,0.288,,,,0.144,0.144,0.144,9,,
星砕きの巨像,sy_53,sy_53_name,5,65 ,0.32,,0.016,0.041,0.016,0.008,0.001,13,,,,,,0.162,,9,,
砕石の暴君,sy_54,sy_54_name,6,86 ,0.43,,0.022,0.054,0.022,0.011,0.001,43,,,,,0.216,,0.216,9,,
炎鱗の蜥蜴,sy_55,sy_55_name,1,,0.20,,,,,,,,,,,,0.100,0.100,0.100,10,,
独眼の巨槌,sy_56,sy_56_name,2,48 ,0.24,,0.012,0.03,0.012,0.006,0.001,-34,,,,,,,,10,,
鋼心の守護巨人,sy_57,sy_57_name,3,-22 ,,,,,,,,112,0.28,0.003,,2,,,,10,,
戦禍の独眼王,sy_58,sy_58_name,4,64 ,0.32,,0.016,0.04,0.016,0.008,0.001,-6,,,,,,,,10,,
大地の神拳,sy_59,sy_59_name,5,72 ,0.36,,0.018,0.045,0.018,0.009,0.001,14,,,,,,,0.18,10,,
煌炎の獄騎士,sy_60,sy_60_name,6,,,,,,,,,192,,,,,0.24,0.24,0.24,10,,
造岩の工匠,sy_61,sy_61_name,1,,,,,,,,,,,0.002,,,0.110,0.110,0.110,11,,
深海を統べる蒼姫,sy_62,sy_62_name,2,-37 ,,,,,,,,106,0.264,0.003,,2,,,,11,,
水律の調停者,sy_63,sy_63_name,3,,,,,,,,,,,,,,0.154,0.154,0.154,11,,
翠森の射手,sy_64,sy_64_name,4,70 ,0.35,,0.018,0.044,0.018,0.009,0.001,-7,,,,,,,,11,,
拒絶の要塞獣,sy_65,sy_65_name,5,16 ,,,,,,,,158,0.396,0.004,,3,,,0.198,11,,
獄炎機装,sy_66,sy_66_name,6,,0.53,,,,,,,,,,,,0.264,0.264,0.264,11,,
火精の眷属,sy_67,sy_67_name,1,,,,,,0.012,,,,,,,,0.120,0.120,0.120,12,,
紅天の暴帝,sy_68,sy_68_name,2,58 ,0.29,,0.014,0.036,0.014,0.007,0.001,-41,,,,,,,,12,,
古紅竜の伝説,sy_69,sy_69_name,3,67 ,0.34,,0.017,0.042,0.017,0.008,0.001,-27,,,,,,,,12,,
焔王の化身,sy_70,sy_70_name,4,-8 ,,,,,,,,154,0.384,0.004,,2,,,,12,,
地獄鉄の竜,sy_71,sy_71_name,5,86 ,0.43,,0.022,0.054,0.022,0.011,0.001,17,,,,,0.216,,,12,,
粘界の大公,sy_72,sy_72_name,6,58 ,,,,,,,,230,0.576,0.006,,4,0.288,,0.288,12,,
水路の略奪者,sy_73,sy_73_name,1,,,,,,,,,,,0.003,,,0.130,0.130,0.130,13,,
激流の操舟鬼,sy_74,sy_74_name,2,,,,,,,,,,,,,,0.156,0.156,0.156,13,,
深淵の裂牙,sy_75,sy_75_name,3,73 ,0.36,,0.018,0.046,0.018,0.009,0.001,-29,,,,,,,,13,,
蒼海の終極獣,sy_76,sy_76_name,4,-8 ,,,,,,,,166,0.416,0.004,,3,,,,13,,
海神の眷属,sy_77,sy_77_name,5,,,,,,,,,187,,,,,0.234,0.234,0.234,13,,
深海王の咆哮,sy_78,sy_78_name,6,125 ,,,,,,,,,,,,,0.312,0.312,0.312,13,,
血追いの追跡者,sy_79,sy_79_name,1,,,,0.014,,,,,,,,,,0.140,0.140,0.140,14,,
夢光の小妖精,sy_80,sy_80_name,2,,,,,,,,,,,,,2,0.168,0.168,0.168,14,,
老練なる策謀者,sy_81,sy_81_name,3,78 ,0.39,,0.02,0.049,0.02,0.01,0.001,-31,,,,,,,,14,,
蒼鱗の戦姫,sy_82,sy_82_name,4,,,,,,,,,,0.448,,,,0.224,0.224,0.224,14,,
牙角の猛将,sy_83,sy_83_name,5,,0.50,,,,,,,,,,,,0.252,0.252,0.252,14,,
狼帝の眷属,sy_84,sy_84_name,6,134 ,0.67,,0.034,0.084,0.034,0.017,0.002,67,,,,,0.336,0.336,,14,,
胞子の捕食花,sy_85,sy_85_name,1,-60 ,,,,,,,,120,0.300,0.003,,2,,,,15,,
黄金の奇跡,sy_86,sy_86_name,2,,,,,,,,,144,,,,,0.18,0.18,0.18,15,,
粘界の王冠,sy_87,sy_87_name,3,,,,,,,,,,0.42,,,,0.21,0.21,0.21,15,,
溶融する王泥,sy_88,sy_88_name,4,-10 ,,,,,,,,192,0.48,0.005,,3,,,,15,,
鉄泥の支配者,sy_89,sy_89_name,5,108 ,0.54,,0.027,0.068,0.027,0.014,0.001,22,,,,,,0.27,,15,,
光滴の幻獣,sy_90,sy_90_name,6,72 ,,,,,,,,288,0.72,0.007,,5,,0.36,0.36,15,,
死鎌の狩人,sy_91,sy_91_name,1,64 ,0.32,,0.016,0.040,0.016,0.008,0.001,-64,,,,,,,,16,,
角鎧の猛虫,sy_92,sy_92_name,2,77 ,0.38,,0.019,0.048,0.019,0.01,0.001,-54,,,,,,,,16,,
百脚の恐怖,sy_93,sy_93_name,3,,,,,,,,,179,,,,,0.224,0.224,0.224,16,,
毒剣の女王蜂,sy_94,sy_94_name,4,102 ,0.51,,0.026,0.064,0.026,0.013,0.001,-10,,,,,,,,16,,
獄炎の甲虫王,sy_95,sy_95_name,5,23 ,,,,,,,,230,0.576,0.006,,4,0.288,0.288,0.288,16,,
光幻の妖影,sy_96,sy_96_name,6,,,,,0.096,,,,,,,,,0.384,0.384,0.384,16,,
終末の核,sy_97,sy_97_name,1,68 ,0.34,,0.017,0.043,0.017,0.009,0.001,-68,,,,,,,,17,,
終端機神王,sy_98,sy_98_name,2,82 ,0.41,,0.02,0.051,0.02,0.01,0.001,-57,,,,,,,,17,,
暴走する地獄炉,sy_99,sy_99_name,3,,,,,0.06,,,,,,,,,0.238,0.238,0.238,17,,
蒼嵐の渦王,sy_100,sy_100_name,4,109 ,0.54,,0.027,0.068,0.027,0.014,0.001,-11,,,,,,,,17,,
機鋼の巨神,sy_101,sy_101_name,5,25 ,,,,,,,,245,0.612,0.006,,5,0.306,0.306,0.306,17,,
聖弧の熾天使,sy_102,sy_102_name,6,,,,,,,,,,0.816,,,,0.408,0.408,0.408,17,,
荒野の牙兵,sy_103,sy_103_name,1,72 ,0.36,,0.018,0.045,0.018,0.009,0.001,-72,,,,,,,,18,,
戦歌の蛮勇,sy_104,sy_104_name,2,-61 ,,,,,,,,173,0.432,0.004,,3,,,,18,,
血塗れの巨漢,sy_105,sy_105_name,3,-40 ,,,,,,,,202,0.504,0.005,,4,,,,18,,
黄金を喰らう者,sy_106,sy_106_name,4,115 ,0.58,,0.029,0.072,0.029,0.014,0.001,-12,,,,,,,,18,,
戦宴の魔将,sy_107,sy_107_name,5,,,,,,,0.016,,,,,,,0.324,0.324,0.324,18,,
呪書の主,sy_108,sy_108_name,6,173 ,0.86,,0.043,0.108,0.043,0.022,0.002,87,,,,,0.432,,0.432,18,,
光穴の這い虫,sy_109,sy_109_name,1,,,,,,,,,152,,,,,0.190,0.190,0.190,19,,
洞窟の毒糸,sy_110,sy_110_name,2,91 ,0.46,,0.023,0.057,0.023,0.011,0.001,-64,,,,,,,,19,,
冥坑の労働霊,sy_111,sy_111_name,3,-43 ,,,,,,,,213,0.532,0.005,,4,,,,19,,
菌翼の小竜,sy_112,sy_112_name,4,,,,,,,0.015,,,,,,,0.304,0.304,0.304,19,,
地脈の竜王,sy_113,sy_113_name,5,27 ,,,,,,,,274,0.684,0.007,,5,0.342,,,19,,
深淵の黒竜,sy_114,sy_114_name,6,182 ,0.91,,0.046,0.114,0.046,0.023,0.002,91,,,,,0.456,0.456,,19,,
翠花の守り手,sy_115,sy_115_name,1,-80 ,,,,,,,,160,0.400,0.004,,3,,,,20,,
霊樹の歌姫,sy_116,sy_116_name,2,,,,,,,,0.001,,,,,,0.24,0.24,0.24,20,,
毒宴の蜘蛛姫,sy_117,sy_117_name,3,,,,,0.07,,,,,,,,,0.28,0.28,0.28,20,,
砂嵐の魔獣,sy_118,sy_118_name,4,-13 ,,,,,,,,256,0.64,0.006,,4,,,,20,,
暴風の巨翼,sy_119,sy_119_name,5,29 ,,,,,,,,288,0.72,0.007,,5,,0.36,,20,,
生命を啜る影,sy_120,sy_120_name,6,,,,,,,,,384,,,,,0.48,0.48,0.48,20,,
蒼空の黒翼,sy_121,sy_121_name,1,,,,,,,,0.001,,,,,,0.210,0.210,0.210,21,,
裂風の猛禽,sy_122,sy_122_name,2,,,,0.025,,,,,,,,,,0.252,0.252,0.252,21,,
骨啄む死鳥,sy_123,sy_123_name,3,118 ,0.59,,0.029,0.074,0.029,0.015,0.001,-47,,,,,,,,21,,
妖歌の翼女,sy_124,sy_124_name,4,,,,,,,,,,0.672,,,,0.336,0.336,0.336,21,,
雷嵐の王鳥,sy_125,sy_125_name,5,30 ,,,,,,,,302,0.756,0.008,,5,,,0.378,21,,
天翔ける覇鳥,sy_126,sy_126_name,6,202 ,1.01,,0.05,0.126,0.05,0.025,0.003,101,,,,,0.504,,0.504,21,,
魔覇の鬼神,sy_127,sy_127_name,1,88 ,0.44,,0.022,0.055,0.022,0.011,0.001,-88,,,,,,,,22,,
機械王の咆哮,sy_128,sy_128_name,2,-74 ,,,,,,,,211,0.528,0.005,,4,,,,22,,
黒鋼の破壊者,sy_129,sy_129_name,3,-49 ,,,,,,,,246,0.616,0.006,,4,,,,22,,
灼熱岩の王,sy_130,sy_130_name,4,141 ,0.70,,0.035,0.088,0.035,0.018,0.002,-14,,,,,,,,22,,
貪欲なる溶岩王,sy_131,sy_131_name,5,32 ,,,,,,,,317,0.792,0.008,,5,0.396,,,22,,
雷牙の覇王,sy_132,sy_132_name,6,211 ,1.06,,0.053,0.132,0.053,0.026,0.003,106,,,,,,0.528,0.528,22,,
漆黒の毒母,sy_133,sy_133_name,1,-92 ,,,,,,,,184,0.460,0.005,,3,,,,23,,
死霊王の秘宝,sy_134,sy_134_name,2,,,,,,,,,,0.552,,,,0.276,0.276,0.276,23,,
冥竜の咆哮,sy_135,sy_135_name,3,,,,,,,,,258,,,,,0.322,0.322,0.322,23,,
魔獄の大君,sy_136,sy_136_name,4,147 ,0.74,,0.037,0.092,0.037,0.018,0.002,-15,,,,,,,,23,,
血槌の猛牛王,sy_137,sy_137_name,5,166 ,0.83,,0.041,0.104,0.041,0.021,0.002,33,,,,,,0.414,,23,,
蒼蛇の災厄,sy_138,sy_138_name,6,221 ,1.10,,0.055,0.138,0.055,0.028,0.003,111,,,,,0.552,,0.552,23,,
灼泥の地龍,sy_139,sy_139_name,1,-96 ,,,,,,,,192,0.480,0.005,,3,,,,24,,
氷葬の鎮魂歌,sy_140,sy_140_name,2,,,,,,,,,,,0.006,,,0.288,0.288,0.288,24,,
獄炎の暴将,sy_141,sy_141_name,3,134 ,0.67,,0.034,0.084,0.034,0.017,0.002,-54,,,,,,,,24,,
冥砂の巨象神,sy_142,sy_142_name,4,-15 ,,,,,,,,307,0.768,0.008,,5,,,,24,,
夜王の化身,sy_143,sy_143_name,5,,,,,,,,,,,,,,0.432,0.432,0.432,24,,
冥騎士団長,sy_144,sy_144_name,6,230 ,1.15,,0.058,0.144,0.058,0.029,0.003,115,,,,,0.576,0.576,,24,,
翠災の終末,sy_145,sy_145_name,1,,0.50,,,,,,,,,,,,0.250,0.250,0.250,25,,
深海の静謐姫,sy_146,sy_146_name,2,-84 ,,,,,,,,240,0.6,0.006,,4,,,,25,,
骸骨の覇王,sy_147,sy_147_name,3,140 ,0.70,,0.035,0.088,0.035,0.018,0.002,-56,,,,,,,,25,,
堕天の魔華,sy_148,sy_148_name,4,160 ,,,,,,,,,,,,,0.4,0.4,0.4,25,,
屠殺の巨鬼,sy_149,sy_149_name,5,36 ,,,,,,,,360,0.9,0.009,,6,,,0.45,25,,
虚無の暴王,sy_150,sy_150_name,6,240 ,1.20,,0.06,0.15,0.06,0.03,0.003,,,,,,,0.6,0.6,25,,
万象を束ねし終焉の原初竜,sy_151,sy_151_name,6,,2.40,,,,,,,,2.4,,,,,,,,,
境界を踏み越えし者,sy_100000,sy_100000_name,6,288 ,1.44,,0.072,0.180,,,,-576,-1.44,,,,0.720,0.720,0.720,30,,
まだ折れていない者,sy_100001,sy_100001_name,6,-288 ,-1.44,,,,,,,576,1.44,0.014,,,0.72,0.72,0.72,30,,
還れぬ深層への一歩,sy_100002,sy_100002_name,6,288 ,0.72,,,,,,,576,0.72,,,,0.72,0.72,0.72,30,,
狂気を飲み干す者,sy_100003,sy_100003_name,6,,,,0.072,0.18,0.072,0.036,0.004,,,0.014,7,9,0.72,0.72,0.72,30,,
千層を越えた代償,sy_100004,sy_100004_name,6,,,1,,,,,,,,,,,1.44,1.44,1.44,30,,
終わりを拒む意志,sy_100005,sy_100005_name,6,336 ,1.68,,0.084,0.210,,,,-672,-1.68,,,,0.840,0.840,0.840,35,,
深層に馴染みし肉体,sy_100006,sy_100006_name,6,-336 ,-1.68,,,,,,,672,1.68,0.017,,,0.84,0.84,0.84,35,,
歪みを肯定する選択,sy_100007,sy_100007_name,6,336 ,0.84,,,,,,,672,0.84,,,,0.84,0.84,0.84,35,,
破壊に順応せし魂,sy_100008,sy_100008_name,6,,,,0.084,0.21,0.084,0.042,0.004,,,0.017,8,10,0.84,0.84,0.84,35,,
削れゆく未来,sy_100009,sy_100009_name,6,,,1,,,,,,,,,,,1.68,1.68,1.68,35,,
死線に笑う者,sy_100010,sy_100010_name,6,384 ,1.92,,0.096,0.240,,,,-768,-1.92,,,,0.960,0.960,0.960,40,,
失うことを選んだ者,sy_100011,sy_100011_name,6,-384 ,-1.92,,,,,,,768,1.92,0.019,,,0.96,0.96,0.96,40,,
力と引き換えの誓約,sy_100012,sy_100012_name,6,384 ,0.96,,,,,,,768,0.96,,,,0.96,0.96,0.96,40,,
痛みを力に変える者,sy_100013,sy_100013_name,6,,,,0.096,0.24,0.096,0.048,0.005,,,0.019,9,12,0.96,0.96,0.96,40,,
壊れてなお進む者,sy_100014,sy_100014_name,6,,,1,,,,,,,,,,,1.92,1.92,1.92,40,,
計算を捨てた破壊衝動,sy_100015,sy_100015_name,6,432 ,2.16,,0.108,0.270,,,,-864,-2.16,,,,1.080,1.080,1.080,45,,
生存のみを望む存在,sy_100016,sy_100016_name,6,-432 ,-2.16,,,,,,,864,2.16,0.022,,,1.08,1.08,1.08,45,,
限界を踏み潰す意志,sy_100017,sy_100017_name,6,432 ,1.08,,,,,,,864,1.08,,,,1.08,1.08,1.08,45,,
報われぬ代償論,sy_100018,sy_100018_name,6,,,,0.108,0.27,0.108,0.054,0.005,,,0.022,10,14,1.08,1.08,1.08,45,,
終わりなき殺戮衝動,sy_100019,sy_100019_name,6,,,1,,,,,,,,,,,2.16,2.16,2.16,45,,
均衡を壊す者,sy_100020,sy_100020_name,6,480 ,2.40,,0.120,0.300,,,,-960,-2.4,,,,1.200,1.200,1.200,50,,
終焉を拒絶する理,sy_100021,sy_100021_name,6,-480 ,-2.40,,,,,,,960,2.4,0.024,,,1.2,1.2,1.2,50,,
世界法則への反逆,sy_100022,sy_100022_name,6,480 ,1.20,,,,,,,960,1.2,,,,1.2,1.2,1.2,50,,
勝利以外を忘れた存在,sy_100023,sy_100023_name,6,,,,0.12,0.3,0.12,0.06,0.006,,,0.024,12,15,1.2,1.2,1.2,50,,
深層そのもの,sy_100024,sy_100024_name,6,,,1,,,,,,,,,,,2.4,2.4,2.4,50,,
朽鉄を啜る坑骸,sy_152,sy_152_name,1,82 ,0.41,,0.020,0.051,0.02,0.01,0.001,-82,,,,,,,,51,,
鉱欲を担う屈背の穿掘鬼,sy_153,sy_153_name,2,-228 ,,,,,,,,326,0.816,0.008,,,,,,51,,
屑鋼を呑み込む漂灰核,sy_154,sy_154_name,3,245 ,,,,,,,,,,,,,1.212,1.212,1.212,51,,
大地を噛み砕く崩岩獣,sy_155,sy_155_name,4,-65 ,,,,,,,,653,1.632,0.016,,,,,,51,,
煤界より滲み出る揺影,sy_156,sy_156_name,5,,2.04,,,,,,,,,,,,2.02,2.02,2.02,51,,
万鉱を統べる骸晶の王,sy_157,sy_157_name,6,490 ,2.45,,0.121,0.306,0.121,0.061,0.006,245,,,,,,2.424,2.424,51,,
滲緑の溶解核,sy_158,sy_158_name,1,-166 ,,,,,,,,166,0.416,0.004,,,,,,52,,
腐水を駆ける濡牙,sy_159,sy_159_name,2,166 ,0.83,,0.041,0.104,0.041,0.02,0.002,-116,,,,,,,,52,,
藻骸の漂流戦士,sy_160,sy_160_name,3,250 ,1.25,,0.061,0.156,0.061,0.031,0.003,-100,,,,,,,,52,,
泥鱗の潜伏者,sy_161,sy_161_name,4,,,,0.082,,,,,,,,,,1.632,1.632,1.632,52,,
滴水の深穴喰い,sy_162,sy_162_name,5,416 ,2.08,,0.102,0.260,0.102,0.051,0.005,83,,,,,2.04,,,52,,
苔濤を統べる深渠王,sy_163,sy_163_name,6,499 ,,,,,,,,998,2.496,0.024,,13,2.448,,2.448,52,,
朽墓の骸兵,sy_164,sy_164_name,1,85 ,0.42,,0.021,0.053,0.021,0.01,0.001,-85,,,,,,,,53,,
鎧墓の守屍,sy_165,sy_165_name,2,-237 ,,,,,,,,339,0.848,0.008,,,,,,53,,
蒼焔の魂火,sy_166,sy_166_name,3,254 ,1.27,,0.062,0.159,0.062,0.031,0.003,-102,,,,,,,,53,,
石葬の巨像,sy_167,sy_167_name,4,-68 ,,,,,,,,678,1.696,0.016,,,,,,53,,
霧哭の漂霊,sy_168,sy_168_name,5,,,,,0.265,,,,,,,,,2.06,2.06,2.06,53,,
冥冠の死侯,sy_169,sy_169_name,6,509 ,2.54,1,0.124,0.318,0.124,0.062,0.006,255,,,,,2.472,2.472,,53,,
殻岩の守蟹,sy_170,sy_170_name,1,-173 ,,,,,,,,173,0.432,0.004,,,,,,54,,
硬翼の裂蝠,sy_171,sy_171_name,2,,,,,,0.042,,,,,,,,0.832,0.832,0.832,54,,
岩膚の暴鬼,sy_172,sy_172_name,3,259 ,1.30,,0.062,0.162,0.062,0.031,0.003,-104,,,,,,,,54,,
裂地の泥核,sy_173,sy_173_name,4,-69 ,,,,,,,,691,1.728,0.017,,,,,,54,,
穿角の掘甲,sy_174,sy_174_name,5,432 ,2.16,,0.104,0.270,0.104,0.052,0.005,86,,,,,,2.08,,54,,
崩山の巨骸,sy_175,sy_175_name,6,,,,,,,0.062,,,,,,,2.496,2.496,,54,,
尾火の悪戯者,sy_176,sy_176_name,1,,,,,,,,0.001,,,,,,0.42,0.42,0.42,55,,
熔心胎動体,sy_177,sy_177_name,2,-246 ,,,,,,,,352,0.88,0.008,,,,,,55,,
紅骸の戦鬼,sy_178,sy_178_name,3,264 ,1.32,,0.063,0.165,0.063,0.032,0.003,-106,,,,,,,,55,,
灼鱗の地走者,sy_179,sy_179_name,4,,,,,,,,,704,,,,,1.68,1.68,1.68,55,,
灰翼の夜翔,sy_180,sy_180_name,5,,,,,,,,,,2.2,,,,2.1,2.1,2.1,55,,
熔界の覇竜,sy_181,sy_181_name,6,528 ,2.64,1,0.126,0.330,0.126,0.063,0.006,264,,,,,,2.52,2.52,55,,
氷晶核宿,sy_182,sy_182_name,1,-179 ,,,,,,,,179,0.448,0.004,,,,,,56,,
凍骨統率者,sy_183,sy_183_name,2,,,,,,,,,,,0.008,,,0.848,0.848,0.848,56,,
白銀狩人,sy_184,sy_184_name,3,269 ,1.34,,0.064,0.168,0.064,0.032,0.003,-108,,,,,,,,56,,
氷翼夜行,sy_185,sy_185_name,4,,,,,,,,,,,,,,1.696,1.696,1.696,56,,
霜巨踏破,sy_186,sy_186_name,5,448 ,,,,,,,,,,,,,2.12,2.12,2.12,56,,
氷王覇者,sy_187,sy_187_name,6,538 ,2.69,1,0.127,0.336,0.127,0.064,0.006,269,,,,,2.544,,2.544,56,,
刃翼の疾風,sy_188,sy_188_name,1,,0.46,,,,,,,,,,,,0.428,0.428,0.428,57,,
峡影の潜徒,sy_189,sy_189_name,2,,,,0.043,,,,,,,,,,0.856,0.856,0.856,57,,
揺嵐の核体,sy_190,sy_190_name,3,-219 ,,,,,,,,547,1.368,0.013,,,,,,57,,
断崖の跳獣,sy_191,sy_191_name,4,365 ,1.82,,0.086,0.228,0.086,0.043,0.004,-37,,,,,,,,57,,
裂空の残光,sy_192,sy_192_name,5,,,,,0.285,,,,,,,,,2.14,2.14,2.14,57,,
暴嵐の覇狼,sy_193,sy_193_name,6,547 ,2.74,1,0.128,0.342,0.128,0.064,0.006,274,,,,,2.568,2.568,,57,,
雷脈踏破者,sy_194,sy_194_name,1,,,,,,0.022,,,,,,,,0.432,0.432,0.432,58,,
骸雷征服者,sy_195,sy_195_name,2,186 ,0.93,,0.043,0.116,0.043,0.022,0.002,-130,,,,,,,,58,,
火花妖統率者,sy_196,sy_196_name,3,278 ,1.39,,0.065,0.174,0.065,0.032,0.003,-111,,,,,,,,58,,
電殻破壊者,sy_197,sy_197_name,4,371 ,1.86,,0.086,0.232,0.086,0.043,0.004,-37,,,,,,,,58,,
雷翼翔覇者,sy_198,sy_198_name,5,186 ,,,,,,,,928,2.32,0.022,,,,,2.16,58,,
雷帝討滅者,sy_199,sy_199_name,6,557 ,2.78,1,0.130,0.348,0.13,0.065,0.006,279,,,,,,2.592,2.592,58,,
砂骸亡者,sy_200,sy_200_name,1,,,,,,,0.011,,,,,,,0.436,0.436,0.436,59,,
煌殻秘虫,sy_201,sy_201_name,2,-265 ,,,,,,,,378,0.944,0.009,,,,,,59,,
流牙砂蛇,sy_202,sy_202_name,3,283 ,1.42,,0.065,0.177,0.065,0.033,0.003,-113,,,,,,,,59,,
古碑守護像,sy_203,sy_203_name,4,-76 ,,,,,,,,755,1.888,0.017,,,,,,59,,
飢渇砂魂,sy_204,sy_204_name,5,,,,,,,,0.005,,,,,,2.18,2.18,2.18,59,,
砂漠冥王,sy_205,sy_205_name,6,566 ,2.83,1,0.131,0.354,0.131,0.065,0.007,283,,,,,,2.616,2.616,59,,
紫泡魔核,sy_206,sy_206_name,1,-192 ,,,,,,,,192,0.48,0.004,,,,,,60,,
朽葉骸兵,sy_207,sy_207_name,2,,,,,,,,,384,,,,,0.88,0.88,0.88,60,,
碧牙毒狼,sy_208,sy_208_name,3,288 ,1.44,,0.066,0.180,0.066,0.033,0.003,-115,,,,,,,,60,,
紫煙妖霊,sy_209,sy_209_name,4,,,,,,,,,,1.92,,,,1.76,1.76,1.76,60,,
歪根樹王,sy_210,sy_210_name,5,192 ,,,,,,,,960,2.4,0.022,,,2.2,,,60,,
瘴森女王,sy_211,sy_211_name,6,576 ,2.88,1,0.132,0.360,0.132,0.066,0.007,288,,,,,2.64,,2.64,60,,
封骸司書,sy_212,sy_212_name,1,,,,,,,,,,,0.004,,,0.444,0.444,0.444,61,,
頁喰暴典,sy_213,sy_213_name,2,,,,,,,,,,,,,,0.888,0.888,0.888,61,,
漆黒滴王,sy_214,sy_214_name,3,-234 ,,,,,,,,586,1.464,0.013,,,,,,61,,
書楼巨兵,sy_215,sy_215_name,4,390 ,,,,,,,,,,,,,1.776,1.776,1.776,61,,
詠環幽灯,sy_216,sy_216_name,5,,2.44,,,,,,,,,,,,2.22,2.22,2.22,61,,
禁架冥主,sy_217,sy_217_name,6,586 ,,,,,,,,1171,2.928,0.027,,18,2.664,2.664,,61,,
濃影に侵された骸剣士,sy_218,sy_218_name,1,99 ,0.50,,0.022,0.062,0.022,0.011,0.001,-99,,,,,,,,62,,
揺らぎ嗤う影戯の小悪魔,sy_219,sy_219_name,2,,,,0.045,,,,,,,,,,0.896,0.896,0.896,62,,
光を呑む黒淵の滴王,sy_220,sy_220_name,3,-238 ,,,,,,,,595,1.488,0.013,,,,,,62,,
残影を裂く夜駆けの魔獣,sy_221,sy_221_name,4,397 ,1.98,,0.090,0.248,0.09,0.045,0.004,-40,,,,,,,,62,,
幽布を漂う沈黙の灯霊,sy_222,sy_222_name,5,,,,,0.310,,,,,,,,,2.24,2.24,2.24,62,,
断章を縫い統べる冥影の王,sy_223,sy_223_name,6,,,,,,0.134,,,,,,,,2.688,2.688,2.688,62,,
反転世界の蒼眼骸,sy_224,sy_224_name,1,-202 ,,,,,,,,202,0.504,0.005,,,,,,63,,
無限増映の粘核体,sy_225,sy_225_name,2,-282 ,,,,,,,,403,1.008,0.009,,,,,,63,,
鏡殻閃光の多面蟲,sy_226,sy_226_name,3,302 ,1.51,,0.068,0.189,0.068,0.034,0.003,-121,,,,,,,,63,,
影歩きの双生魔,sy_227,sy_227_name,4,,,,,,,0.045,,,,,,,1.808,1.808,1.808,63,,
破鏡彷徨の燐光霊,sy_228,sy_228_name,5,202 ,,,,,,,,1008,2.52,0.023,,,,2.26,,63,,
万象を歪める鏡界王,sy_229,sy_229_name,6,605 ,3.02,1,0.136,0.378,0.136,0.068,0.007,303,,,,,,2.712,2.712,63,,
血骨穿つ晶骸兵,sy_230,sy_230_name,1,,,,,,,,0.001,,,,,,0.456,0.456,0.456,64,,
紅核を抱く供儀屍者,sy_231,sy_231_name,2,205 ,1.02,,0.046,0.128,0.046,0.023,0.002,-144,,,,,,,,64,,
滴命を喰らう紅濁体,sy_232,sy_232_name,3,,,,,,,,,614,,,,,1.368,1.368,1.368,64,,
刃祀る狂血の信徒,sy_233,sy_233_name,4,,,,,,,,,,2.048,,,,1.824,1.824,1.824,64,,
万晶重殻の紅巨兵,sy_234,sy_234_name,5,205 ,,,,,,,,1024,2.56,0.023,,,,,2.28,64,,
万血統べる晶王魔皇,sy_235,sy_235_name,6,614 ,3.07,1,0.137,0.384,0.137,0.068,0.007,307,,,,,2.736,,2.736,64,,
蒼光の守衛骸,sy_236,sy_236_name,1,-208 ,,,,,,,,208,0.52,0.005,,,,,,65,,
流動結界の水晶核,sy_237,sy_237_name,2,-291 ,,,,,,,,416,1.04,0.009,,,,,,65,,
紫冥の小悪魔導師,sy_238,sy_238_name,3,,,,,,,,,,,0.014,,,1.38,1.38,1.38,65,,
盾殻の結界重騎,sy_239,sy_239_name,4,-83 ,,,,,,,,832,2.08,0.018,,,,,,65,,
紋章を巡る蒼霊灯,sy_240,sy_240_name,5,,,,,,,,,,,,,,2.3,2.3,2.3,65,,
深層結界の統括機関,sy_241,sy_241_name,6,624 ,,,,,,,,1248,3.12,0.028,,18,2.76,2.76,,65,,
断層を歩む骸刻兵,sy_242,sy_242_name,1,106 ,0.53,,0.023,0.066,0.023,0.012,0.001,-106,,,,,,,,66,,
瞬界を裂く紅閃鬼,sy_243,sy_243_name,2,211 ,,,,,,,,,,,,,0.928,0.928,0.928,66,,
停滞に沈む粘時核,sy_244,sy_244_name,3,-254 ,,,,,,,,634,1.584,0.014,,,,,,66,,
砂命を呑む環喰獣,sy_245,sy_245_name,4,,2.11,,,,,,,,,,,,1.856,1.856,1.856,66,,
盤界を漂う歪光精,sy_246,sy_246_name,5,528 ,2.64,,0.116,0.330,0.116,0.058,0.006,106,,,,,2.32,,,66,,
崩刻を統べる終焉王,sy_247,sy_247_name,6,634 ,3.17,1,0.139,0.396,0.139,0.07,0.007,317,,,,,,2.784,2.784,66,,
星墓を歩む骸骨兵,sy_248,sy_248_name,1,107 ,0.54,,0.023,0.067,0.023,0.012,0.001,-107,,,,,,,,67,,
瞬星を宿す流体核,sy_249,sy_249_name,2,-300 ,,,,,,,,429,1.072,0.009,,,,,,67,,
闇天を嗤う微光の悪戯者,sy_250,sy_250_name,3,,,,0.070,,,,,,,,,,1.404,1.404,1.404,67,,
歪重を纏う星殻甲虫,sy_251,sy_251_name,4,-86 ,,,,,,,,858,2.144,0.019,,,,,,67,,
流星の残響たる蒼き精霊,sy_252,sy_252_name,5,,,,,0.335,,,,,,,,,2.34,2.34,2.34,67,,
天星を呑む虚無の顎,sy_253,sy_253_name,6,643 ,3.22,1,0.140,0.402,0.14,0.07,0.007,322,,,,,2.808,,2.808,67,,
刻印に縛られし永劫の処刑兵,sy_254,sy_254_name,1,109 ,0.54,,0.024,0.068,0.024,0.012,0.001,-109,,,,,,,,68,,
紅鎖に繋がれた狡知の使徒,sy_255,sy_255_name,2,,,,,,0.047,,,,,,,,0.944,0.944,0.944,68,,
流転紋章を宿す粘核の盟主,sy_256,sy_256_name,3,-261 ,,,,,,,,653,1.632,0.014,,,,,,68,,
闘技場を踏破する無欠の石巨像,sy_257,sy_257_name,4,435 ,2.18,,0.094,0.272,0.094,0.047,0.005,-44,,,,,,,,68,,
誓文を囁く蒼炎の漂霊,sy_258,sy_258_name,5,,,,,,,0.059,,,,,,,2.36,2.36,2.36,68,,
万契を統べる誓約絶対王,sy_259,sy_259_name,6,653 ,,,,,,,,1306,3.264,0.028,,19,2.832,2.832,,68,,
亡骸の量産者,sy_260,sy_260_name,1,,,,,,,,0.001,,,,,,0.476,0.476,0.476,69,,
再生する原初粘体,sy_261,sy_261_name,2,-309 ,,,,,,,,442,1.104,0.01,,,,,,69,,
模倣の小悪魔,sy_262,sy_262_name,3,331 ,1.66,,0.071,0.207,0.071,0.036,0.004,-132,,,,,,,,69,,
円環甲殻の巡行者,sy_263,sy_263_name,4,,,,,,,,,883,,,,,1.904,1.904,1.904,69,,
無窮の青霊灯,sy_264,sy_264_name,5,,,,,,,,,,2.76,,,,2.38,2.38,2.38,69,,
永劫を統べる循環王,sy_265,sy_265_name,6,663 ,,,,,,,,1325,3.312,0.029,,19,,2.856,2.856,69,,
禁忌縫合の屍骨王,sy_266,sy_266_name,1,-224 ,,,,,,,,224,0.56,0.005,,,,,,70,,
灼装乱撃の小魔侯,sy_267,sy_267_name,2,,,,,,,,,,,0.01,,,0.96,0.96,0.96,70,,
融界崩蝕の暴核体,sy_268,sy_268_name,3,336 ,1.68,,0.072,0.210,0.072,0.036,0.004,-134,,,,,,,,70,,
砲壁鎮座の石塞兵,sy_269,sy_269_name,4,-90 ,,,,,,,,896,2.24,0.019,,,,,,70,,
紅冥漂界の滅灯霊,sy_270,sy_270_name,5,560 ,2.80,,0.120,0.350,0.12,0.06,0.006,112,,,,,,2.4,,70,,
終焉要塞の断罪巨将,sy_271,sy_271_name,6,672 ,3.36,1,0.144,0.420,0.144,0.072,0.007,336,,,,,2.88,,2.88,70,,
冥界を彷徨う紫骸の断罪者,sy_272,sy_272_name,1,,,,,,,,,,,,,,0.484,0.484,0.484,71,,
万物を黒へ還す侵触核体,sy_273,sy_273_name,2,-318 ,,,,,,,,454,1.136,0.01,,,,,,71,,
妖眼瞬く奈落の尖兵,sy_274,sy_274_name,3,341 ,1.70,,0.073,0.213,0.073,0.036,0.004,-136,,,,,,,,71,,
腐界を穿つ甲殻侵滅虫,sy_275,sy_275_name,4,454 ,,,,,,,,,,,,,1.936,1.936,1.936,71,,
闇渦に揺蕩う無明の灯,sy_276,sy_276_name,5,568 ,2.84,,0.121,0.355,0.121,0.061,0.006,114,,,,,,,2.42,71,,
万象を呑み込む深淵顕現王,sy_277,sy_277_name,6,682 ,3.41,1,0.145,0.426,0.145,0.073,0.007,341,,,,,2.904,2.904,,71,,
色彩喪失の骸兵,sy_278,sy_278_name,1,115 ,0.58,,0.024,0.072,0.024,0.012,0.001,-115,,,,,,,,72,,
透界の溶核体,sy_279,sy_279_name,2,-323 ,,,,,,,,461,1.152,0.01,,,,,,72,,
静寂断絶の影鬼,sy_280,sy_280_name,3,346 ,1.73,,0.073,0.216,0.073,0.037,0.004,-138,,,,,,,,72,,
境界崩落の虚構兵,sy_281,sy_281_name,4,461 ,,,,,,,,,,,,,1.952,1.952,1.952,72,,
希薄存在の残光霊,sy_282,sy_282_name,5,,,,0.122,,,,,,,,,,2.44,2.44,2.44,72,,
無面統治の監獄主,sy_283,sy_283_name,6,691 ,,,,,,,,1382,3.456,0.029,,19,,2.928,2.928,72,,
漆黒骸の前線断罪者,sy_284,sy_284_name,1,117 ,0.58,,0.025,0.073,0.025,0.012,0.001,-117,,,,,,,,73,,
千刃乱舞の戦禍小鬼,sy_285,sy_285_name,2,234 ,1.17,,0.049,0.146,0.049,0.025,0.002,-164,,,,,,,,73,,
侵蝕する流黒刃核,sy_286,sy_286_name,3,,,,,0.219,,,,,,,,,1.476,1.476,1.476,73,,
尖殻蹂躙の黒鋼甲虫,sy_287,sy_287_name,4,-93 ,,,,,,,,934,2.336,0.02,,,,,,73,,
戦塵を纏う紅怨霊,sy_288,sy_288_name,5,584 ,2.92,,0.123,0.365,0.123,0.062,0.006,117,,,,,2.46,,,73,,
黒曜覇軍の終焉将王,sy_289,sy_289_name,6,701 ,3.50,1,0.148,0.438,0.148,0.074,0.007,351,,,,,2.952,,2.952,73,,
金骸の聖戦骸騎,sy_290,sy_290_name,1,-237 ,,,,,,,,237,0.592,0.005,,,,,,74,,
流転する神性核,sy_291,sy_291_name,2,237 ,1.18,,0.050,0.148,0.05,0.025,0.002,-166,,,,,,,,74,,
堕光の幼き代行者,sy_292,sy_292_name,3,,,,,,0.074,,,,,,,,1.488,1.488,1.488,74,,
破像の神殻守護兵,sy_293,sy_293_name,4,-95 ,,,,,,,,947,2.368,0.02,,,,,,74,,
白金の導き霊灯,sy_294,sy_294_name,5,,,,,,,0.062,,,,,,,2.48,2.48,2.48,74,,
終焉を纏う堕神残滓王,sy_295,sy_295_name,6,710 ,3.55,1,0.149,0.444,0.149,0.074,0.007,355,,,,,2.976,2.976,,74,,
万象崩骸の彩滅者,sy_296,sy_296_name,1,,,,,,,,0.001,,,,,,0.5,0.5,0.5,75,,
流転万色の原初胎動,sy_297,sy_297_name,2,-336 ,,,,,,,,480,1.2,0.01,,,,,,75,,
歪界嗤笑の断末魔,sy_298,sy_298_name,3,360 ,1.80,,0.075,0.225,0.075,0.038,0.004,-144,,,,,,,,75,,
崩星震殻の断層王,sy_299,sy_299_name,4,-96 ,,,,,,,,960,2.4,0.02,,,,,,75,,
虚無蒼焔の終極導霊,sy_300,sy_300_name,5,600 ,3.00,,0.125,0.375,0.125,0.063,0.006,120,,,,,,2.5,,75,,
全界終焉の絶対災禍,sy_301,sy_301_name,6,720 ,3.60,1,0.150,0.450,0.15,0.075,0.008,360,,,,,,3,3,75,,
虚界を統べる深淵王,sy_302,sy_302_name,6,,4.80,1,,,,,,,4.80,,,,,,,100,,
深淵を切り裂く代償,sy_100025,sy_100025_name,6,768 ,3.84,,0.156,0.480,,,,-1536,-3.84,,,,1.560,1.560,1.560,80,,
崩れぬ魂の残骸,sy_100026,sy_100026_name,6,-768 ,-3.84,,,,,,,1536,3.84,0.031,,,1.56,1.56,1.56,80,,
均衡を踏み越えし者,sy_100027,sy_100027_name,6,768 ,1.92,,,,,,,1536,1.92,,,,1.56,1.56,1.56,80,,
深層を彷徨う観測者,sy_100028,sy_100028_name,6,,,,0.156,0.48,0.156,0.078,0.008,,,0.031,7,20,1.56,1.56,1.56,80,,
深淵を掘り当てた者,sy_100029,sy_100029_name,6,,,1,,,,,,,,,,,3.12,3.12,3.12,80,,
命を削りし刃,sy_100030,sy_100030_name,6,816 ,4.08,,0.162,0.510,,,,-1632,-4.08,,,,1.620,1.620,1.620,85,,
壊れぬ肉体の執念,sy_100031,sy_100031_name,6,-816 ,-4.08,,,,,,,1632,4.08,0.032,,,1.62,1.62,1.62,85,,
歪みなき破壊者,sy_100032,sy_100032_name,6,816 ,2.04,,,,,,,1632,2.04,,,,1.62,1.62,1.62,85,,
深淵を読み解く者,sy_100033,sy_100033_name,6,,,,0.162,0.51,0.162,0.081,0.008,,,0.032,8,22,1.62,1.62,1.62,85,,
奈落を嗅ぎ当てる者,sy_100034,sy_100034_name,6,,,1,,,,,,,,,,,3.24,3.24,3.24,85,,
破滅を纏う狂戦士,sy_100035,sy_100035_name,6,864 ,4.32,,0.168,0.540,,,,-1728,-4.32,,,,1.680,1.680,1.680,90,,
終わりを拒む守護者,sy_100036,sy_100036_name,6,-864 ,-4.32,,,,,,,1728,4.32,0.034,,,1.68,1.68,1.68,90,,
限界を踏破せし者,sy_100037,sy_100037_name,6,864 ,2.16,,,,,,,1728,2.16,,,,1.68,1.68,1.68,90,,
歪界を渡る観察者,sy_100038,sy_100038_name,6,,,,0.168,0.54,0.168,0.084,0.008,,,0.034,9,22,1.68,1.68,1.68,90,,
深淵の収集者,sy_100039,sy_100039_name,6,,,1,,,,,,,,,,,3.36,3.36,3.36,90,,
自壊する力の奔流,sy_100040,sy_100040_name,6,912 ,4.56,,0.174,0.570,,,,-1824,-4.56,,,,1.740,1.740,1.740,95,,
絶望に耐える器,sy_100041,sy_100041_name,6,-912 ,-4.56,,,,,,,1824,4.56,0.035,,,1.74,1.74,1.74,95,,
均衡を超えた闘志,sy_100042,sy_100042_name,6,912 ,2.28,,,,,,,1824,2.28,,,,1.74,1.74,1.74,95,,
深層を測る知覚,sy_100043,sy_100043_name,6,,,,0.174,0.57,0.174,0.087,0.009,,,0.035,10,23,1.74,1.74,1.74,95,,
奈落の探求者,sy_100044,sy_100044_name,6,,,1,,,,,,,,,,,3.48,3.48,3.48,95,,
命を燃やす暴威,sy_100045,sy_100045_name,6,960 ,4.80,,0.180,0.600,,,,-1920,-4.8,,,,1.800,1.800,1.800,100,,
朽ちぬ守りの意志,sy_100046,sy_100046_name,6,-960 ,-4.80,,,,,,,1920,4.8,0.036,,,1.8,1.8,1.8,100,,
破壊と生存の均衡,sy_100047,sy_100047_name,6,960 ,2.40,,,,,,,1920,2.4,,,,1.8,1.8,1.8,100,,
深淵を見通す眼,sy_100048,sy_100048_name,6,,,,0.18,0.6,0.18,0.09,0.009,,,0.036,18,24,1.8,1.8,1.8,100,,
深淵の採掘者,sy_100049,sy_100049_name,6,,,1,,,,,,,,,,,3.6,3.6,3.6,100,,
