名前,ID,ネームキー,レアリティ,攻撃力加算,攻撃力倍率,同時発射数,クリティカル率,クリティカル倍率,*2メダル出現率,*5メダル出現率,*10メダル出現率,総メダル数加算,総メダル数倍率,メダル消費無し確率,回収Wave時メダル価値,回収Wave延長秒,ゴールドドロップ量倍率,装備ドロップ率倍率,称号ドロップ率倍率,,
双喜のスライムリング,s_1,s_1_name,1,4,,,,,,,,,,,,,0.010,0.010,0.010,1,
ファイヤーソード,s_2,s_2_name,2,5,0.02,,0.001,0.003,0.001,0.001,0.000,,,,,,,,,1,
翠霊の芽杖,s_3,s_3_name,3,6,0.03,,0.001,0.004,0.001,0.001,0.000,,,,,,,,,1,
獄炎狼の守盾,s_4,s_4_name,4,,,,,,,,,13,0.032,0.000,,1,,,,1,
氷咆蒼刃,s_5,s_5_name,5,7,0.04,,0.002,0.005,0.002,0.001,0.000,,,,,,,0.018,,1,
七彩雫の聖佩,s_6,s_6_name,5,,,,,,0.002,,,,,,,,0.020,0.020,0.020,1,
朽木の棘棍,s_7,s_7_name,1,8,0.04,,0.002,0.005,0.002,0.001,0.000,,,,,,,,,2,
獅子骸の亡盾,s_8,s_8_name,2,,,,,,,,,19,0.048,0.000,,1,,,,2,
翠骸の呪佩,s_9,s_9_name,3,,,,0.003,,,,,,,,,,0.028,0.028,0.028,2,
冥角騎士の黒鎧,s_10,s_10_name,4,,,,,,,,,26,0.064,0.001,,1,,,,2,
蒼氷晶の幽弓,s_11,s_11_name,5,14,0.07,,0.004,0.009,0.004,0.002,0.000,,,,,,0.036,,,2,
骸王の荊冠,s_12,s_12_name,5,16,,,,,,,,,,,,,0.040,0.040,0.040,2,
片眼魔の灯籠帯,s_13,s_13_name,1,,,,,,,,,24,,,,,0.030,0.040,0.040,3,
蜜螺旋の粘杖,s_14,s_14_name,2,14,0.07,,0.004,0.009,0.004,0.002,0.000,,,,,,,,,3,
幽白の亡霊外套,s_15,s_15_name,3,,,,,,,,,34,0.084,0.001,,1,,,,3,
紅月魔刃の大鎌,s_16,s_16_name,4,19,0.10,,0.005,0.012,0.005,0.002,0.000,,,,,,,,,3,
煉獄核の呪鎖,s_17,s_17_name,5,,,,,0.014,,,,,,,,,0.054,0.054,0.054,3,
蝙翼の深淵灯火,s_18,s_18_name,5,,,,,,,,,,,,,1,0.060,0.060,0.060,3,
獣王の裂爪,s_19,s_19_name,1,16,,,,,,,,,,,,,0.040,0.040,0.040,4,
銀狼将の蒼毛鎧,s_20,s_20_name,2,,,,,,,,,38,0.096,0.001,,1,,,,4,
炎竜刃の戦鎌,s_21,s_21_name,3,22,0.11,,0.006,0.014,0.006,0.003,0.000,,,,,,,,,4,
熾核の竜呪佩,s_22,s_22_name,4,,0.13,,,,,,,,,,,,0.064,0.064,0.064,4,
焔冠竜の焦王兜,s_23,s_23_name,5,,,,,,,,,58,,,,,0.072,0.072,0.072,4,
煉獄歩兵の魔脚甲,s_24,s_24_name,5,,,,,,,,,64,0.160,0.002,,1,,,0.080,4,
毒霧骸の呪巻,s_25,s_25_name,1,,,,,,,,,,,0.001,,,0.050,0.050,0.050,5,
翠獄スライムの魔瓶,s_26,s_26_name,2,,,,,,,0.003,,,,,,,0.060,0.060,0.060,5,
聖蒼十字の守盾,s_27,s_27_name,3,,,,,,,,,56,0.140,0.001,,1,,,,5,
鎖骸封じの禁書,s_28,s_28_name,4,,,,,,0.008,,,,,,,,0.080,0.080,0.080,5,
深海霊光の護符,s_29,s_29_name,5,,,,,,,,,,0.180,,,,0.090,0.090,0.090,5,
血骸喰らいの呪剣,s_30,s_30_name,6,48,0.24,,0.012,0.030,0.012,0.006,0.001,,,,,,,,0.120,5,
骸王の破滅棍,s_31,s_31_name,1,24,0.12,,0.006,0.015,0.006,0.003,0.000,,,,,,,,,6,
黄金蛇王の牙輪,s_32,s_32_name,2,,,,,,,,,58,,,,,0.072,0.072,0.072,6,
漆黒獣の影爪,s_33,s_33_name,3,,,,,,,,,67,0.168,0.002,,1,,,,6,
冥狼の鎖脚,s_34,s_34_name,4,,,,,,,,,77,0.192,0.002,,2,,,,6,
双蛇炎王の魔杖,s_35,s_35_name,5,43,0.22,,0.011,0.027,0.011,0.005,0.001,,,,,,0.108,,,6,
紅核竜印の呪佩,s_36,s_36_name,5,48,,,,,,,,,,,,,0.120,0.120,0.120,6,
星詠みの蒼月帽,s_37,s_37_name,1,,,,,,,,,56,0.140,0.001,,1,,,,7,
禁呪解放の魔導書,s_38,s_38_name,2,,,,0.008,,,,,,,,,,0.084,0.084,0.084,7,
焔鎧獣の爪手甲,s_39,s_39_name,3,,,,,,,,,78,0.196,0.002,,1,,,,7,
業火灯の焦杖,s_40,s_40_name,4,45,0.22,,0.011,0.028,0.011,0.006,0.001,,,,,,,,,7,
氷晶霊刃の魔槍,s_41,s_41_name,5,50,0.25,,0.013,0.032,0.013,0.006,0.001,,,,,,,0.126,,7,
紫宝翼王の聖環,s_42,s_42_name,5,,,,,0.035,,,,,,,,,0.140,0.140,0.140,7,
熾炉巨兵の灼鎧,s_43,s_43_name,1,,,,,,,,,64,0.160,0.002,,1,,,,8,
紅蓮王の焔剣,s_44,s_44_name,2,38,0.19,,0.010,0.024,0.010,0.005,0.000,,,,,,,,,8,
氷焔晶の魔杖,s_45,s_45_name,3,45,0.22,,0.011,0.028,0.011,0.006,0.001,,,,,,,,,8,
炎魔王の角盾,s_46,s_46_name,4,,,,,,,,,102,0.256,0.003,,2,,,,8,
紅蓮核の呪鎖佩,s_47,s_47_name,5,,,,,,,,0.001,,,,,,0.144,0.144,0.144,8,
黄金晶獣の脚甲,s_48,s_48_name,5,,,,,,,,,128,0.320,0.003,,2,0.160,,,8,
熾炉巨兵の灼鉄鎧,s_49,s_49_name,1,,,,,,,,,72,0.180,0.002,,2,,,,9,
黒煙石の短剣,s_50,s_50_name,2,43,0.22,,0.011,0.027,0.011,0.005,0.001,,,,,,,,,9,
金壁守護の結界盾,s_51,s_51_name,3,,,,,,,,,101,0.252,0.003,,2,,,,9,
封印城核の鉄兜,s_52,s_52_name,4,,,,,,,,,115,0.288,0.003,,2,,,,9,
霜渦晶王の魔杖,s_53,s_53_name,5,65,0.32,,0.016,0.041,0.016,0.008,0.001,,,,,,,0.162,,9,
焔王刻印の炎帯,s_54,s_54_name,5,,,,,,,0.009,,,,,,,0.180,0.180,0.180,9,
焔竜王の焦冠兜,s_55,s_55_name,1,,,,,,,,,80,0.200,0.002,,2,,,,10,
巨岩砕きの鉄槌,s_56,s_56_name,2,48,0.24,,0.012,0.030,0.012,0.006,0.001,,,,,,,,,10,
炎翼宝珠の聖佩,s_57,s_57_name,3,,,,,,,,,,0.280,,,,0.140,0.140,0.140,10,
骸骨戦士の拳甲,s_58,s_58_name,4,,,,,,,,,128,0.320,0.003,,2,,,,10,
血骸狩人の毛皮腰布,s_59,s_59_name,5,,,,,,,,,144,0.360,0.004,,3,,,0.180,10,
氷炎刃の霜剣,s_60,s_60_name,6,96,0.48,,0.024,0.060,0.024,0.012,0.001,,,,,,0.240,,,10,
暗黒幻影の魔帽,s_61,s_61_name,1,,,,,,,,,88,0.220,0.002,,2,,,,11,
聖十字の裁鎚,s_62,s_62_name,2,53,0.26,,0.013,0.033,0.013,0.007,0.001,,,,,,,,,11,
蒼晶守護の重盾,s_63,s_63_name,3,,,,,,,,,123,0.308,0.003,,2,,,,11,
緑鋼砲竜の魔導銃,s_64,s_64_name,4,70,0.35,,0.018,0.044,0.018,0.009,0.001,,,,,,,,,11,
聖金十字の護盾,s_65,s_65_name,5,,,,,,,,,158,0.396,0.004,,3,,,0.198,11,
熾炎獣王の脚甲,s_66,s_66_name,5,,,,,,,,,176,,,,,0.220,0.220,0.220,11,
黄金火蛇の呪環,s_67,s_67_name,1,,,,,,,,,,,,,,0.120,0.120,0.120,12,
紅蓮竜王の咆哮兜,s_68,s_68_name,2,,,,,,,,,115,0.288,0.003,,2,,,,12,
業火螺旋の魔槍,s_69,s_69_name,3,67,0.34,,0.017,0.042,0.017,0.008,0.001,,,,,,,,,12,
焔鎧竜の焦盾,s_70,s_70_name,4,,,,,,,,,154,0.384,0.004,,2,,,,12,
炎鱗獣の裂爪,s_71,s_71_name,5,,,,,,,,,173,0.432,0.004,,3,,,0.216,12,
炎灯の儀杖,s_72,s_72_name,5,96,0.48,,0.024,0.060,0.024,0.012,0.001,,,,,,,0.240,,12,
深海探検スライムゴーグル,s_73,s_73_name,1,,,,,,0.013,,,,,,,,0.130,0.130,0.130,13,
潮珠姫の貝護符,s_74,s_74_name,2,,,,,,,,,125,,,,,0.156,0.156,0.156,13,
深海鮫牙の短剣,s_75,s_75_name,3,73,0.36,,0.018,0.046,0.018,0.009,0.001,,,,,,,,,13,
蒼海王の怒盾,s_76,s_76_name,4,,,,,,,,,166,0.416,0.004,,3,,,,13,
海蛇騎士の波脚甲,s_77,s_77_name,5,,,,,,,,,187,,,,,0.234,0.234,0.234,13,
三叉蒼潮の槍,s_78,s_78_name,5,104,0.52,,0.026,0.065,0.026,0.013,0.001,,,,,,0.260,,,13,
刺猪王の戦盾,s_79,s_79_name,1,,,,,,,,,112,0.280,0.003,,2,,,,14,
翠樹精の結界脚,s_80,s_80_name,2,,,,,,,,,134,0.336,0.003,,2,,,,14,
骨森道化の呪偶,s_81,s_81_name,3,,,,0.020,,,,,,,,,,0.196,0.196,0.196,14,
蒼嵐狼王の霊兜,s_82,s_82_name,4,,,,,,,,,179,0.448,0.004,,3,,,,14,
翠炎骸王の呪杖,s_83,s_83_name,5,101,0.50,,0.025,0.063,0.025,0.013,0.001,,,,,,,,0.252,14,
蒼晶双刃の戦斧,s_84,s_84_name,5,112,0.56,,0.028,0.070,0.028,0.014,0.001,,,,,,,0.280,,14,
猛毒茸王の魔兜,s_85,s_85_name,1,,,,,,,,,120,0.300,0.003,,2,,,,15,
黄金星屑の聖壺,s_86,s_86_name,2,,,,,,,,,144,,,,,0.180,0.180,0.180,15,
彩王のメダル宝杖,s_87,s_87_name,3,84,0.42,,0.021,0.053,0.021,0.011,0.001,,,,,,,,,15,
紅蓮王の炎剣,s_88,s_88_name,4,96,0.48,,0.024,0.060,0.024,0.012,0.001,,,,,,,,,15,
金貨王スライムの財宝冠,s_89,s_89_name,5,,,,,,,,,,0.540,,,,0.270,0.270,0.270,15,
蒼骸騎士の冥脚,s_90,s_90_name,6,,,,,,,,,288,0.720,0.007,,5,0.360,,,15,
翠毒刃の魔曲刀,s_91,s_91_name,1,64,0.32,,0.016,0.040,0.016,0.008,0.001,,,,,,,,,16,
紫黒竜王の魔兜,s_92,s_92_name,2,,,,,,,,,154,0.384,0.004,,2,,,,16,
翠炎竜爪の戦手甲,s_93,s_93_name,3,,,,,,,,,179,0.448,0.004,,3,,,,16,
金獣王の灼佩,s_94,s_94_name,4,102,,,,,,,,,,,,,0.256,0.256,0.256,16,
焔魔竜王の焦冠,s_95,s_95_name,5,,,,,,,,,230,0.576,0.006,,4,,,0.288,16,
冥骸騎士の影脚,s_96,s_96_name,5,,,,,,,,,256,0.640,0.006,,4,,,0.320,16,
煉獄砕きの焦鉄槌,s_97,s_97_name,1,68,0.34,,0.017,0.043,0.017,0.009,0.001,,,,,,,,,17,
熾核魔獣の戦鎧,s_98,s_98_name,2,,,,,,,,,163,0.408,0.004,,3,,,,17,
紅炎炉心の巨槌,s_99,s_99_name,3,95,0.48,,0.024,0.060,0.024,0.012,0.001,,,,,,,,,17,
蒼雷拳王の魔手甲,s_100,s_100_name,4,,,,,,,,,218,0.544,0.005,,4,,,,17,
焔魔将の灼兜,s_101,s_101_name,5,,,,,,,,,245,0.612,0.006,,5,0.306,,,17,
蒼光騎士の聖脚,s_102,s_102_name,5,,,,,,,,,272,0.680,0.007,,5,0.340,,,17,
旅人の短剣と革嚢,s_103,s_103_name,1,,,,,,,,,,,,,,0.180,0.180,0.180,18,
鉄壁兵の戦盾,s_104,s_104_name,2,,,,,,,,,173,0.432,0.004,,3,,,,18,
黒角戦士の兜,s_105,s_105_name,3,,,,,,,,,202,0.504,0.005,,4,,,,18,
血刃処刑の戦斧,s_106,s_106_name,4,115,0.58,,0.029,0.072,0.029,0.014,0.001,,,,,,,,,18,
黒鉄騎士の戦鎧,s_107,s_107_name,5,,,,,,,,,259,0.648,0.006,,5,0.324,,,18,
紅宝獣印の呪佩,s_108,s_108_name,5,,,,,0.090,,,,,,,,,0.360,0.360,0.360,18,
黄金灯火の古ランタン,s_109,s_109_name,1,,,,,,,,,,,0.004,,,0.190,0.190,0.190,19,
蜘蛛王の結界盾,s_110,s_110_name,2,,,,,,,,,182,0.456,0.005,,3,,,,19,
坑道探検の灯帽,s_111,s_111_name,3,,,,,,,,,213,0.532,0.005,,4,,,,19,
茸森守りの緑盾,s_112,s_112_name,4,,,,,,,,,243,0.608,0.006,,4,,,,19,
枯木魔導の枝杖,s_113,s_113_name,5,137,0.68,,0.034,0.086,0.034,0.017,0.002,,,,,,,0.342,,19,
焔影王の冥鎧,s_114,s_114_name,5,,,,,,,,,304,0.760,0.008,,5,,,0.380,19,
若芽精の森護盾,s_115,s_115_name,1,,,,,,,,,160,0.400,0.004,1,3,,,,20,
花精姫の芽杖,s_116,s_116_name,2,96,0.48,,0.024,0.060,0.024,0.012,0.001,,,,,,,,,20,
樹界守護の森鎧,s_117,s_117_name,3,,,,,,,,,224,0.560,0.006,1,4,,,,20,
樹霊仮面の深面,s_118,s_118_name,4,,,,,0.080,,,,,,,,,0.320,0.320,0.320,20,
花芽剣の翠刃,s_119,s_119_name,5,144,0.72,,0.036,0.090,0.036,0.018,0.002,,,,,,0.360,,,20,
妖花喰らいの魔鎌,s_120,s_120_name,6,192,0.96,,0.048,0.120,0.048,0.024,0.002,,,,,,,0.480,,20,
黒翼紅眼の短剣,s_121,s_121_name,1,84,0.42,,0.021,0.053,0.021,0.011,0.001,,,,,,,,,21,
蒼鱗結界の護盾,s_122,s_122_name,2,,,,,,,,,202,0.504,0.005,1,4,,,,21,
骸骨狩人の戦鎌,s_123,s_123_name,3,118,0.59,,0.029,0.074,0.029,0.015,0.001,,,,,,,,,21,
羽葉精の翠衣,s_124,s_124_name,4,,,,,,,,,269,0.672,0.007,1,5,,,,21,
雷翼珠の魔杖,s_125,s_125_name,5,151,0.76,,0.038,0.095,0.038,0.019,0.002,,,,,,0.378,,,21,
天翼蒼珠の聖杖,s_126,s_126_name,5,168,0.84,,0.042,0.105,0.042,0.021,0.002,,,,,,,,0.420,21,
熾陽宝珠の王環,s_127,s_127_name,1,88,,,,,,,,,,,,,0.220,0.220,0.220,22,
黒紅呪花の魔杖,s_128,s_128_name,2,106,0.53,,0.026,0.066,0.026,0.013,0.001,,,,,,,,,22,
黒曜騎士の戦鎧,s_129,s_129_name,3,,,,,,,,,246,0.616,0.006,2,4,,,,22,
焔蛇の炎槍,s_130,s_130_name,4,141,0.70,,0.035,0.088,0.035,0.018,0.002,,,,,,,,,22,
紫怨影王の冥鎧,s_131,s_131_name,5,,,,,,,,,317,0.792,0.008,2,5,,0.396,,22,
蒼雷星盾の結界,s_132,s_132_name,5,,,,,,,,,352,0.880,0.009,2,6,0.440,,,22,
翠毒霊刃の魔剣,s_133,s_133_name,1,92,0.46,,0.023,0.058,0.023,0.012,0.001,,,,,,,,,23,
深緑冥王の魔導衣,s_134,s_134_name,2,,,,,,,,,221,0.552,0.006,2,4,,,,23,
紫竜魔王の咆哮兜,s_135,s_135_name,3,,,,,,,,,258,0.644,0.006,2,4,,,,23,
煉獄獣爪の戦手甲,s_136,s_136_name,4,,,,,,,,,294,0.736,0.007,3,5,,,,23,
紫焔魔獣の冥脚,s_137,s_137_name,5,,,,,,,,,331,0.828,0.008,3,5,,,0.414,23,
蒼雷双竜の咆哮兜,s_138,s_138_name,5,,,,,,,,,368,0.920,0.009,3,6,0.460,,,23,
業火喰らいの魔口,s_139,s_139_name,1,96,0.48,,0.024,0.060,0.024,0.012,0.001,,,,,,,,,24,
氷姫霊槍の聖杖,s_140,s_140_name,2,115,0.58,,0.029,0.072,0.029,0.014,0.001,,,,,,,,,24,
焔魔王の焦角兜,s_141,s_141_name,3,,,,,,,,,269,0.672,0.007,3,4,,,,24,
翠骸呪樹の魔杖,s_142,s_142_name,4,154,0.77,,0.038,0.096,0.038,0.019,0.002,,,,,,,,,24,
氷晶覇王の戦鎧,s_143,s_143_name,5,,,,,,,,,346,0.864,0.009,3,5,,0.432,,24,
翠雷獣王の魔兜,s_144,s_144_name,5,,,,,,,,,384,0.960,0.010,3,6,,0.480,,24,
毒竜魔獣の裂顎盾,s_145,s_145_name,1,,,,,,,,,200,0.500,0.005,2,4,,,,25,
蒼雷霊珠の魔杖,s_146,s_146_name,2,120,0.60,,0.030,0.075,0.030,0.015,0.002,,,,,,,,,25,
骸王紫晶の呪盾,s_147,s_147_name,3,,,,,,,,,280,0.700,0.007,3,5,,,,25,
焔鎖刃の処刑鞭,s_148,s_148_name,4,160,0.80,,0.040,0.100,0.040,0.020,0.002,,,,,,,,,25,
毒霧灯の獣脚,s_149,s_149_name,5,,,,,,,,,360,0.900,0.009,3,6,0.450,,,25,
冥竜騎士の魔脚甲,s_150,s_150_name,6,,,,,,,,,480,1.200,0.012,3,8,,,0.600,25,
エレメンタル・ドミニオン,s_151,s_151_name,6,480,2.40,1,0.120,0.300,0.120,0.060,0.006,,,,,,,,,50,
骸鉄融蝕の断罪鶴嘴,s_152,s_152_name,1,82,0.41,,0.020,0.051,0.020,0.010,0.001,,,,,3,,,,51,
朽灯坑夫の呪縛兜,s_153,s_153_name,2,,,,,,,,,326,0.816,0.008,,6,,,,51,
崩岩縛鎖の巨塊鎧,s_154,s_154_name,3,,,,,,,,,490,1.224,0.012,,8,,,,51,
屑鉄漂界の断片盾,s_155,s_155_name,4,,,,,,,,,653,1.632,0.016,,11,,,,51,
煤闇揺界の幽環,s_156,s_156_name,5,,,,0.101,0.255,,,,,,,,,0.909,0.909,0.909,51,
晶骨王の蒼鉱手甲,s_157,s_157_name,6,490,2.45,,0.121,0.306,0.121,0.061,0.006,,,,,17,,0.909,0.909,51,
苔濁の滴剣ヴェルディクス,s_158,s_158_name,1,83,0.42,,0.02,0.052,0.02,0.01,0.001,,,,,3,,,,52,
腐潮骸盾グラームシェル,s_159,s_159_name,2,,,,,,,,,333,0.832,0.008,,6,,,,52,
深淵湿衣ネクロミスト,s_160,s_160_name,3,,,,,,,,,499,1.248,0.012,,8,,,,52,
沼鱗重殻アルガロア,s_161,s_161_name,4,,,,,,,,,666,1.664,0.016,,11,,,,52,
水脈封環リヴィエラ,s_162,s_162_name,5,,,,,,,,,832,2.08,,,,0.918,0.918,0.918,52,
苔核の冥雫ペンダント・モルヴァ,s_163,s_163_name,6,,,,0.122,0.312,,0.061,,,,,,,0.918,0.918,0.918,52,
墓穿ちの断剣,s_164,s_164_name,1,85,0.42,,0.021,0.053,0.021,0.01,0.001,,,,,3,,,,53,
屍鎧グレイブプレート,s_165,s_165_name,2,,,,,,,,,339,0.848,0.008,,6,,,,53,
骸環ブルーリヒト,s_166,s_166_name,3,,,,,,,,,509,,,,,0.927,0.927,0.927,53,
墓砕きの巨剣,s_167,s_167_name,4,339,1.7,,0.082,0.212,0.082,0.041,0.004,,,,,11,,,,53,
幽衣ミストヴェール,s_168,s_168_name,5,,,,,,,,,848,2.12,0.021,,14,0.927,,,53,
冥灯ペンダント,s_169,s_169_name,6,,,,,,,,0.006,1018,,0.025,,,0.927,0.927,0.927,53,
落殻の岩盾,s_170,s_170_name,1,,,,,,,,,173,0.432,0.004,,3,,,,54,
洞鎧グラベルメイル,s_171,s_171_name,2,,,,,,,,,346,0.864,0.008,,6,,,,54,
翠核の鉱石環,s_172,s_172_name,3,,,,,,,,0.003,,,,,,0.936,0.936,0.936,54,
穿岩ドリルランス,s_173,s_173_name,4,346,1.73,,0.083,0.216,0.083,0.042,0.004,,,,,11,,,,54,
岩甲ビートルガード,s_174,s_174_name,5,,,,,,,,,864,2.16,0.021,,14,,0.936,,54,
深翠の結晶佩玉,s_175,s_175_name,6,518,2.59,,0.125,,,,,,,,,,0.936,0.936,0.936,54,
燼尾の焔刃,s_176,s_176_name,1,88,0.44,,0.021,0.055,0.021,0.011,0.001,,,,,3,,,,55,
溶心核鎧,s_177,s_177_name,2,,,,,,,,,352,0.88,0.008,,6,,,,55,
赤骸炎剣,s_178,s_178_name,3,264,1.32,,0.063,0.165,0.063,0.032,0.003,,,,,8,,,,55,
熔鱗重甲,s_179,s_179_name,4,,,,,,,,,704,1.76,0.017,,11,,,,55,
灰翼冥晶,s_180,s_180_name,5,,,,,,,,,880,2.2,0.021,,14,,,0.945,55,
灼界竜珠,s_181,s_181_name,6,,2.64,,,,0.126,0.063,,,,,,,0.945,0.945,0.945,55,
氷晶牙剣,s_182,s_182_name,1,90,0.45,,0.021,0.056,0.021,0.011,0.001,,,,,3,,,,56,
凍骨霜鎧,s_183,s_183_name,2,,,,,,,,,358,0.896,0.008,,6,,,,56,
白銀狼套,s_184,s_184_name,3,,,,,,,,,538,1.344,0.013,,8,,,,56,
氷翼の護符,s_185,s_185_name,4,,,,,,,,0.004,717,,,,,0.954,0.954,0.954,56,
霜巨の氷甲,s_186,s_186_name,5,,,,,,,,,896,2.24,0.021,,14,0.954,,,56,
氷王核の指輪,s_187,s_187_name,6,,,,,,,,,1075,2.688,0.025,,,0.954,0.954,0.954,56,
風刃剣アルティア,s_188,s_188_name,1,91,0.46,,0.021,0.057,0.021,0.011,0.001,,,,,3,,,,57,
峡影の軽鎧,s_189,s_189_name,2,,,,,,,,,365,0.912,0.009,,6,,,,57,
揺風核ロッド,s_190,s_190_name,3,274,1.37,,0.064,0.171,0.064,0.032,0.003,,,,,8,,,,57,
断崖跳躍具,s_191,s_191_name,4,,,,,,,,,730,1.824,0.017,,11,,,,57,
空裂蒼環,s_192,s_192_name,5,456,,,0.107,,,,,,,,,,0.963,0.963,0.963,57,
嵐牙マント,s_193,s_193_name,6,,,,,,,,,1094,2.736,0.026,,17,0.963,,0.963,57,
蒼雷滴剣,s_194,s_194_name,1,93,0.46,,0.022,0.058,0.022,0.011,0.001,,,,,3,,,,58,
雷骸鎧,s_195,s_195_name,2,,,,,,,,,371,0.928,0.009,,6,,,,58,
黒爪電核,s_196,s_196_name,3,,,,,,,,0.003,,,,,,0.972,0.972,0.972,58,
雷殻重盾,s_197,s_197_name,4,,,,,,,,,742,1.856,0.017,,11,,,,58,
蒼翼雷装,s_198,s_198_name,5,,,,,,,,,928,2.32,0.022,,14,,0.972,,58,
雷晶双環,s_199,s_199_name,6,557,2.78,,,,,,,,2.784,,,,0.972,0.972,0.972,58,
崩砂の曲刀,s_200,s_200_name,1,94,0.47,,0.022,0.059,0.022,0.011,0.001,,,,,3,,,,59,
煌甲スカラベ盾,s_201,s_201_name,2,,,,,,,,,378,0.944,0.009,,6,,,,59,
蛇牙の呪刃,s_202,s_202_name,3,283,1.42,,0.065,0.177,0.065,0.033,0.003,,,,,9,,,,59,
古碑の断鎚,s_203,s_203_name,4,378,1.89,,0.087,0.236,0.087,0.044,0.004,,,,,12,,,,59,
流砂の纏布,s_204,s_204_name,5,,,,,,,,,944,2.36,0.022,,15,,,0.981,59,
王墓双月剣,s_205,s_205_name,6,566,2.83,,0.131,0.354,0.131,0.065,0.007,,,,,18,0.981,0.981,,59,
腐胞砕鎚,s_206,s_206_name,1,96,0.48,,0.022,0.06,0.022,0.011,0.001,,,,,3,,,,60,
朽骸の踏鎧,s_207,s_207_name,2,,,,,,,,,384,0.96,0.009,,6,,,,60,
碧毒牙剣,s_208,s_208_name,3,288,1.44,,0.066,0.18,0.066,0.033,0.003,,,,,9,,,,60,
腐森纏衣,s_209,s_209_name,4,,,,,,,,,768,1.92,0.018,,12,,,,60,
紫瘴王冠,s_210,s_210_name,5,,,,,,,,,960,2.4,0.022,,15,0.99,,,60,
瘴環の呪輪,s_211,s_211_name,6,576,,,,,,0.066,0.007,,,,,18,0.99,0.99,0.99,60,
呪刻断刃,s_212,s_212_name,1,98,0.49,,0.022,0.061,0.022,0.011,0.001,,,,,3,,,,61,
暴牙魔典,s_213,s_213_name,2,195,0.98,,0.044,0.122,0.044,0.022,0.002,390,0.976,0.009,,6,0.999,0.999,0.999,61,
黒滴核衣,s_214,s_214_name,3,,,,,,,,,586,1.464,0.013,,9,,,,61,
書殻重腕,s_215,s_215_name,4,,,,,,,,,781,1.952,0.018,,12,,,,61,
詠環霊鎖,s_216,s_216_name,5,,,,,,,,,976,2.44,0.022,,15,,0.999,,61,
禁典蒼杖,s_217,s_217_name,6,586,2.93,,0.133,0.366,0.133,0.067,0.007,,,,,18,,0.999,0.999,61,
骸影の縫刃,s_218,s_218_name,1,99,0.5,,0.022,0.062,0.022,0.011,0.001,,,,,3,,,,62,
揺影の悪戯環,s_219,s_219_name,2,,,,,,,,,397,,,,,1.008,1.008,1.008,62,
吸光の冥装,s_220,s_220_name,3,,,,,,,,,595,1.488,0.013,,9,,,,62,
残影牙鎖,s_221,s_221_name,4,,,,,,,,,794,1.984,0.018,,12,,,,62,
幽幕の黒灯,s_222,s_222_name,5,496,,,,,,,,992,,,,,1.008,1.008,1.008,62,
縫影王の断章外套,s_223,s_223_name,6,,,,,,,,,1190,2.976,0.027,,18,1.008,,1.008,62,
反転骸刃,s_224,s_224_name,1,101,0.5,,0.023,0.063,0.023,0.011,0.001,,,,,3,,,,63,
増映核珠,s_225,s_225_name,2,,,,,,,,,,1.008,,,,1.017,1.017,1.017,63,
鏡殻装甲,s_226,s_226_name,3,,,,,,,,,605,1.512,0.014,,9,,,,63,
虚影双刃,s_227,s_227_name,4,403,2.02,,0.09,0.252,0.09,0.045,0.005,,,,,12,,,,63,
砕鏡霊環,s_228,s_228_name,5,,2.52,,0.113,,,,,,,,,,1.017,1.017,1.017,63,
万象反射外套,s_229,s_229_name,6,,,,,,,,,1210,3.024,0.027,,18,1.017,1.017,,63,
紅穿,s_230,s_230_name,1,102,0.51,,0.023,0.064,0.023,0.011,0.001,,,,,3,,,,64,
供儀核,s_231,s_231_name,2,,,,,,,,,,,,,6,1.026,1.026,1.026,64,
血滴王冠,s_232,s_232_name,3,,,,,,,,,614,1.536,0.014,,9,,,,64,
狂信刃,s_233,s_233_name,4,410,2.05,,0.091,0.256,0.091,0.046,0.005,,,,,12,,,,64,
赤晶巨殻,s_234,s_234_name,5,,,,,,,,,1024,2.56,0.023,,15,,1.026,,64,
血王核環,s_235,s_235_name,6,,,,,,,,,1229,3.072,0.027,,18,,1.026,1.026,64,
光膜剣アウラブレイド,s_236,s_236_name,1,104,0.52,,0.023,0.065,0.023,0.012,0.001,,,,,3,,,,65,
透界核の流動コア,s_237,s_237_name,2,,,,,,,,,416,1.04,0.009,,6,,,,65,
深紫魔装ヴァイオレットレガリア,s_238,s_238_name,3,,,,,,,,,624,1.56,0.014,,9,,,,65,
盾殻ガーディアンシェル,s_239,s_239_name,4,,,,,,,,,832,2.08,0.018,,12,,,,65,
紋章霊環エーテルリング,s_240,s_240_name,5,,,,,,,,,1040,,0.023,,,1.035,1.035,1.035,65,
結界機関プロテクシオン・ハート,s_241,s_241_name,6,,,,,,,,,1248,3.12,0.028,,18,1.035,,1.035,65,
時裂きの偏位鎌,s_242,s_242_name,1,106,0.53,,0.023,0.066,0.023,0.012,0.001,,,,,3,,,,66,
瞬閃双牙,s_243,s_243_name,2,211,1.06,,0.046,0.132,0.046,0.023,0.002,,,,,6,,,,66,
停滞の粘晶鎧,s_244,s_244_name,3,,,,,,,,,634,1.584,0.014,,9,,,,66,
砂環の喰刻外套,s_245,s_245_name,4,,,,,,,,,845,2.112,0.019,,12,,,,66,
盤環の歪光環,s_246,s_246_name,5,,2.64,,,,,,,,2.64,,,,1.044,1.044,1.044,66,
王刻の崩天核,s_247,s_247_name,6,,3.17,,,,,,,,3.168,,,18,1.044,1.044,1.044,66,
星骸鎧,s_248,s_248_name,1,,,,,,,,,214,0.536,0.005,,3,,,,67,
星泡核,s_249,s_249_name,2,214,1.07,,0.047,0.134,0.047,0.023,0.002,429,1.072,0.009,,6,1.053,1.053,1.053,67,
黒星魔刃,s_250,s_250_name,3,322,1.61,,0.07,0.201,0.07,0.035,0.004,,,,,10,,,,67,
歪殻盾,s_251,s_251_name,4,,,,,,,,,858,2.144,0.019,,13,,,,67,
流星環,s_252,s_252_name,5,,,,,,,,,1072,,,,,1.053,1.053,1.053,67,
星喰大剣,s_253,s_253_name,6,643,3.22,,0.14,0.402,0.14,0.07,0.007,,,,,19,1.053,1.053,,67,
刻印処刑剣・ボーンエグゼキューター,s_254,s_254_name,1,109,0.54,,0.024,0.068,0.024,0.012,0.001,,,,,3,,,,68,
隷属の紅鎖首輪,s_255,s_255_name,2,,,,,,,,,435,1.088,0.009,,6,,,,68,
紋章核の流転珠,s_256,s_256_name,3,326,,,,,,,,,,,,,1.062,1.062,1.062,68,
闘技石壁の巨装甲,s_257,s_257_name,4,,,,,,,,,870,2.176,0.019,,13,,,,68,
誓文渦巻の霊杖,s_258,s_258_name,5,544,2.72,,0.118,0.34,0.118,0.059,0.006,,,,,16,,,1.062,68,
万契王衣アウス・レガリア,s_259,s_259_name,6,,,,,,,,,1306,3.264,0.028,,19,,1.062,1.062,68,
輪廻断刃・リフレインエッジ,s_260,s_260_name,1,110,0.55,,0.024,0.069,0.024,0.012,0.001,,,,,3,,,,69,
再生核ドロームハート,s_261,s_261_name,2,221,1.1,,0.048,0.138,0.048,0.024,0.002,442,1.104,0.01,,6,1.071,1.071,1.071,69,
反響魔翼ジャグルル,s_262,s_262_name,3,,,,,,,,,662,1.656,0.014,,10,,,,69,
環殻穿槍インセクトゥス,s_263,s_263_name,4,442,2.21,,0.095,0.276,0.095,0.048,0.005,,,,,13,,,,69,
無窮霊環シグマリア,s_264,s_264_name,5,,,,,,,,,1104,2.76,,,,1.071,1.071,1.071,69,
永劫王冠インフィニクス,s_265,s_265_name,6,662,3.31,,,,,,,,3.312,,,,1.071,1.071,1.071,69,
骸継の異骨大剣,s_266,s_266_name,1,112,0.56,,0.024,0.07,0.024,0.012,0.001,,,,,3,,,,70,
過装裂火の魔導銃装,s_267,s_267_name,2,,,,,,,,,448,1.12,0.01,,6,,,,70,
融蝕核の暴液指輪,s_268,s_268_name,3,336,1.68,,0.072,0.21,0.072,0.036,0.004,672,1.68,0.014,,10,1.08,1.08,1.08,70,
砲城堅殻の要塞胸甲,s_269,s_269_name,4,,,,,,,,,896,2.24,0.019,,13,,,,70,
滅灯の紅冥浮珠,s_270,s_270_name,5,,,,,,,0.06,,,,,,,1.08,1.08,1.08,70,
終塞皇の巨滅斬,s_271,s_271_name,6,672,3.36,,0.144,0.42,0.144,0.072,0.007,,,,,19,1.08,,1.08,70,
冥骸断鎌グロームサイズ,s_272,s_272_name,1,114,0.57,,0.024,0.071,0.024,0.012,0.001,,,,,3,,,,71,
侵蝕核メルティアローブ,s_273,s_273_name,2,,,,,,,,,454,1.136,0.01,,6,,,,71,
妖闇眼冠ノクスリム,s_274,s_274_name,3,,,,,,,,,,,,,10,1.089,1.089,1.089,71,
腐殻装甲グラディウスシェル,s_275,s_275_name,4,,,,,,,,,909,2.272,0.019,,13,,,,71,
渦影霊珠ヴォイドオーブ,s_276,s_276_name,5,,,,,0.355,0.121,,,,,,,,1.089,1.089,1.089,71,
深淵王笏アビスレガリア,s_277,s_277_name,6,682,3.41,,0.145,0.426,0.145,0.073,0.007,,,,,19,1.089,1.089,,71,
虚骨の無彩剣,s_278,s_278_name,1,115,0.58,,0.024,0.072,0.024,0.012,0.001,,,,,3,,,,72,
零透核の虚溶槍,s_279,s_279_name,2,230,1.15,,0.049,0.144,0.049,0.024,0.002,,,,,6,,,,72,
無響の影裂衣,s_280,s_280_name,3,,,,,,,,,691,1.728,0.015,,10,,,,72,
曖昧境界の虚鎧,s_281,s_281_name,4,,,,,,,,,922,2.304,0.02,,13,,,,72,
空白燐光の淡環,s_282,s_282_name,5,,,,,,,,,1152,2.88,0.024,,16,,1.098,,72,
無面統制の虚監環,s_283,s_283_name,6,,,,,,,,,1382,3.456,0.029,,19,,1.098,1.098,72,
黒骨の戦骸剣,s_284,s_284_name,1,117,0.58,,0.025,0.073,0.025,0.012,0.001,,,,,3,,,,73,
屍兵乱舞の魔刃具,s_285,s_285_name,2,234,,,,,,,,,,,,,1.107,1.107,1.107,73,
流刃の黒晶胸鎧,s_286,s_286_name,3,,,,,,,,,701,1.752,0.015,,10,,,,73,
尖角甲殻の戦兜,s_287,s_287_name,4,,,,,,,,,934,2.336,0.02,,13,,,,73,
血霞の怨環,s_288,s_288_name,5,,,,,,,,0.006,1168,2.92,,,,1.107,1.107,1.107,73,
黒曜覇将の統冠,s_289,s_289_name,6,701,3.5,,,,,,0.007,,,,,,1.107,1.107,1.107,73,
神骸断剣グロリアス・リブ,s_290,s_290_name,1,118,0.59,,0.025,0.074,0.025,0.012,0.001,,,,,3,,,,74,
聖融核オルビス・ゼリオス,s_291,s_291_name,2,,,,,,,,,,1.184,,,,1.116,1.116,1.116,74,
熾天輪装アルカ・ミニストラ,s_292,s_292_name,3,,,,,,,,,710,1.776,0.015,,10,,,,74,
神殻巨装ヘリオ・フラグメント,s_293,s_293_name,4,,,,,,,,,947,2.368,0.02,,13,,,,74,
白金霊環ルミナ・アウラ,s_294,s_294_name,5,592,2.96,,,,,,,,,,,,1.116,1.116,1.116,74,
堕神覇剣レムナント・エクスシア,s_295,s_295_name,6,710,3.55,,0.149,0.444,0.149,0.074,0.007,,,,,19,1.116,,1.116,74,
万彩骸刃カオスリーパー,s_296,s_296_name,1,120,0.6,,0.025,0.075,0.025,0.013,0.001,,,,,3,,,,75,
流転核スライムオーブ,s_297,s_297_name,2,,,,,,,,,,,0.01,,,1.125,1.125,1.125,75,
歪曲魔刃ディストーションダガー,s_298,s_298_name,3,360,1.8,,0.075,0.225,0.075,0.038,0.004,,,,,10,,,,75,
崩星重殻カタストブレスト,s_299,s_299_name,4,,,,,,,,,960,2.4,0.02,,14,,,,75,
虚滅霊環アポカリプスリング,s_300,s_300_name,5,,3,,,,,,0.006,,3,,,,1.125,1.125,1.125,75,
終焉覇鱗エンドラグナアーマー,s_301,s_301_name,6,,,,,,,,,1440,3.6,0.03,,20,1.125,1.125,,75,
虚界断裂剣,s_302,s_302_name,6,960,4.80,1,0.180,0.600,0.180,0.090,0.009,,,,,,,,,100,
